name,bus,genid,unitgroup,type,category,carrier,p_nom,mvarinj,vsetpointp.u.,pmaxmw,pminmw,qmaxmvar,qminmvar,min_down_time,min_up_time,rampratemw/min,starttimecoldhr,starttimewarmhr,starttimehothr,startheatcoldmbtu,startheatwarmmbtu,startheathotmbtu,nonfuelstartcost$,nonfuelshutdowncost$,for,mttfhr,mttrhr,scheduledmaintweeks,fuelprice$/mmbtu,output_pct_0,output_pct_1,output_pct_2,output_pct_3,output_pct_4,hr_avg_0,hr_incr_1,hr_incr_2,hr_incr_3,hr_incr_4,vom,fuelsulfurcontent%,emissionsso2lbs/mmbtu,emissionsnoxlbs/mmbtu,emissionspartlbs/mmbtu,emissionsco2lbs/mmbtu,emissionsch4lbs/mmbtu,emissionsn2olbs/mmbtu,emissionscolbs/mmbtu,emissionsvocslbs/mmbtu,dampingratio,inertiamj/mw,basemva,transformerxp.u.,unitxp.u.,pumploadmw,storageroundtripefficiency,control,p_max_pu,p_min_pu,ramp_limit_up,committable,start_up_cost,shut_down_cost,up_time_before,marginal_cost
101_CT_1,101,1,U20,CT,Oil CT,Oil,8.0,4.96,1.0468,20.0,8,10,0,1.0,1.0,3.0,1,0.0,0.0,5.0,5.0,5.0,0,0,0.1,450,50,2.0,10.3494,0.4,0.6,0.8,1.0,,13114.0,9456.0,9476.0,10352.0,,0.0,0.2,0.2,0.5,0.036,160,0.002,0.004,0.11,0.04,0,2.8,24.0,0.13,0.32,0,0,PV,2.5,1.0,22.5,True,51.747,0,0.0,233.792946
101_CT_2,101,2,U20,CT,Oil CT,Oil,8.0,4.96,1.0468,20.0,8,10,0,1.0,1.0,3.0,1,0.0,0.0,5.0,5.0,5.0,0,0,0.1,450,50,2.0,10.3494,0.4,0.6,0.8,1.0,,13114.0,9456.0,9476.0,10352.0,,0.0,0.2,0.2,0.5,0.036,160,0.002,0.004,0.11,0.04,0,2.8,24.0,0.13,0.32,0,0,PV,2.5,1.0,22.5,True,51.747,0,0.0,233.792946
101_STEAM_3,101,3,U76,STEAM,Coal,Coal,76.0,0.14,1.0468,76.0,30,30,-25,4.0,8.0,2.0,12,10.0,3.0,5284.8,4861.4,3379.4,0,0,0.02,1960,40,3.0,2.11399,0.394736842,0.596491228,0.798245614,1.0,,13270.0,6713.0,8028.0,8549.0,,0.0,Unit-specific,Unit-specific,Unit-specific,Unit-specific,210,0.001,0.004,0.02,0.003,0,3.0,89.0,0.13,0.3,0,0,PV,1.0,0.39473684210526316,1.5789473684210527,True,10276.950985999998,0,0.0,45.02375901999999
101_STEAM_4,101,4,U76,STEAM,Coal,Coal,76.0,0.14,1.0468,76.0,30,30,-25,4.0,8.0,2.0,12,10.0,3.0,5284.8,4861.4,3379.4,0,0,0.02,1960,40,3.0,2.11399,0.394736842,0.596491228,0.798245614,1.0,,13270.0,6713.0,8028.0,8549.0,,0.0,Unit-specific,Unit-specific,Unit-specific,Unit-specific,210,0.001,0.004,0.02,0.003,0,3.0,89.0,0.13,0.3,0,0,PV,1.0,0.39473684210526316,1.5789473684210527,True,10276.950985999998,0,0.0,45.02375901999999
101_PV_1,101,1,PV,PV,Solar PV,Solar,0.0,0.0,1.0,25.9,0,0,0,0.0,0.0,25.9,0,0.0,0.0,0.0,0.0,0.0,0,0,0.0,0,0,0.0,0.0,0.0,0.0,0.0,0.0,,0.0,0.0,0.0,0.0,,0.0,0,0,0,0,0,0.0,0.0,0.0,0.0,0,0.0,25.9,0.0,0.0,0,0,PV,1.0,0.0,1.0,False,0.0,0,0.0,0.0
101_PV_2,101,2,PV,PV,Solar PV,Solar,0.0,0.0,1.0,26.7,0,0,0,0.0,0.0,26.7,0,0.0,0.0,0.0,0.0,0.0,0,0,0.0,0,0,0.0,0.0,0.0,0.0,0.0,0.0,,0.0,0.0,0.0,0.0,,0.0,0,0,0,0,0,0.0,0.0,0.0,0.0,0,0.0,26.7,0.0,0.0,0,0,PV,1.0,0.0,1.0,False,0.0,0,0.0,0.0
101_PV_3,101,3,PV,PV,Solar PV,Solar,0.0,0.0,1.0,26.2,0,0,0,0.0,0.0,26.2,0,0.0,0.0,0.0,0.0,0.0,0,0,0.0,0,0,0.0,0.0,0.0,0.0,0.0,0.0,,0.0,0.0,0.0,0.0,,0.0,0,0,0,0,0,0.0,0.0,0.0,0.0,0,0.0,26.2,0.0,0.0,0,0,PV,1.0,0.0,1.0,False,0.0,0,0.0,0.0
101_PV_4,101,4,PV,PV,Solar PV,Solar,0.0,0.0,1.0,25.8,0,0,0,0.0,0.0,25.8,0,0.0,0.0,0.0,0.0,0.0,0,0,0.0,0,0,0.0,0.0,0.0,0.0,0.0,0.0,,0.0,0.0,0.0,0.0,,0.0,0,0,0,0,0,0.0,0.0,0.0,0.0,0,0.0,25.8,0.0,0.0,0,0,PV,1.0,0.0,1.0,False,0.0,0,0.0,0.0
102_CT_1,102,1,U20,CT,Oil CT,Oil,8.0,4.88,1.0467,20.0,8,10,0,1.0,1.0,3.0,1,0.0,0.0,5.0,5.0,5.0,0,0,0.1,450,50,2.0,10.3494,0.4,0.6,0.8,1.0,,14639.0,8597.0,9147.0,9622.0,,0.0,0.2,0.2,0.5,0.036,160,0.002,0.004,0.11,0.04,0,2.8,24.0,0.13,0.32,0,0,PV,2.5,1.0,22.5,True,51.747,0,0.0,246.17082839999998
102_CT_2,102,2,U20,CT,Oil CT,Oil,8.0,4.88,1.0467,20.0,8,10,0,1.0,1.0,3.0,1,0.0,0.0,5.0,5.0,5.0,0,0,0.1,450,50,2.0,10.3494,0.4,0.6,0.8,1.0,,14639.0,8597.0,9147.0,9622.0,,0.0,0.2,0.2,0.5,0.036,160,0.002,0.004,0.11,0.04,0,2.8,24.0,0.13,0.32,0,0,PV,2.5,1.0,22.5,True,51.747,0,0.0,246.17082839999998
102_STEAM_3,102,3,U76,STEAM,Coal,Coal,76.0,-2.31,1.0467,76.0,30,30,-25,4.0,8.0,2.0,12,10.0,3.0,5284.8,4861.4,3379.4,0,0,0.02,1960,40,3.0,2.11399,0.394736842,0.596491228,0.798245614,1.0,,11591.0,8734.0,9861.0,10651.0,,0.0,Unit-specific,Unit-specific,Unit-specific,Unit-specific,210,0.001,0.004,0.02,0.003,0,3.0,89.0,0.13,0.3,0,0,PV,1.0,0.39473684210526316,1.5789473684210527,True,10276.950985999998,0,0.0,45.34931347999999
102_STEAM_4,102,4,U76,STEAM,Coal,Coal,76.0,-2.31,1.0467,76.0,30,30,-25,4.0,8.0,2.0,12,10.0,3.0,5284.8,4861.4,3379.4,0,0,0.02,1960,40,3.0,2.11399,0.394736842,0.596491228,0.798245614,1.0,,11591.0,8734.0,9861.0,10651.0,,0.0,Unit-specific,Unit-specific,Unit-specific,Unit-specific,210,0.001,0.004,0.02,0.003,0,3.0,89.0,0.13,0.3,0,0,PV,1.0,0.39473684210526316,1.5789473684210527,True,10276.950985999998,0,0.0,45.34931347999999
102_PV_1,102,1,PV,PV,Solar PV,Solar,0.0,0.0,1.0,25.6,0,0,0,0.0,0.0,25.6,0,0.0,0.0,0.0,0.0,0.0,0,0,0.0,0,0,0.0,0.0,0.0,0.0,0.0,0.0,,0.0,0.0,0.0,0.0,,0.0,0,0,0,0,0,0.0,0.0,0.0,0.0,0,0.0,25.6,0.0,0.0,0,0,PV,1.0,0.0,1.0,False,0.0,0,0.0,0.0
102_PV_2,102,2,PV,PV,Solar PV,Solar,0.0,0.0,1.0,25.3,0,0,0,0.0,0.0,25.3,0,0.0,0.0,0.0,0.0,0.0,0,0,0.0,0,0,0.0,0.0,0.0,0.0,0.0,0.0,,0.0,0.0,0.0,0.0,,0.0,0,0,0,0,0,0.0,0.0,0.0,0.0,0,0.0,25.3,0.0,0.0,0,0,PV,1.0,0.0,1.0,False,0.0,0,0.0,0.0
107_CC_1,107,1,U355,CC,Gas CC,NG,355.0,49.51,1.05,355.0,170,150,-25,4.5,8.0,4.14,2,1.0,0.5,7215.1,4536.1,3196.6,0,0,0.033,967,33,1.07,3.88722,0.478873239,0.65258216,0.82629108,1.0,,7222.0,5970.0,6892.0,7854.0,,0.0,0,0.0006,0.079999998,0,118,0.0,0.0,0.0,0.0,0,5.0,414.0,0.13,0.3,0,0,PV,1.0,0.4788732394366197,0.6997183098591548,True,17632.818642000002,0,0.0,54.86422308
113_CT_1,113,1,U55,CT,Gas CT,NG,55.0,19.0,1.0347,55.0,22,19,-15,2.2,2.2,3.7,1,0.75,0.25,1457.4,1122.5,452.8,0,0,0.031,969,31,0.79,3.88722,0.4,0.6,0.8,1.0,,13125.0,6899.0,7602.0,7797.0,,0.0,0,0.0006,0.079999998,0,118,0.0,0.0,0.0,0.0,0,2.8,64.0,0.13,0.32,0,0,Slack,1.0,0.4,4.036363636363636,True,4363.40445,0,0.0,80.57040894000001
113_CT_2,113,2,U55,CT,Gas CT,NG,55.0,19.0,1.0347,55.0,22,19,-15,2.2,2.2,3.7,1,0.75,0.25,1457.4,1122.5,452.8,0,0,0.031,969,31,0.79,3.88722,0.4,0.6,0.8,1.0,,13125.0,6899.0,7602.0,7797.0,,0.0,0,0.0006,0.079999998,0,118,0.0,0.0,0.0,0.0,0,2.8,64.0,0.13,0.32,0,0,Slack,1.0,0.4,4.036363636363636,True,4363.40445,0,0.0,80.57040894000001
113_CT_3,113,3,U55,CT,Gas CT,NG,55.0,19.0,1.0347,55.0,22,19,-15,2.2,2.2,3.7,1,0.75,0.25,1457.4,1122.5,452.8,0,0,0.031,969,31,0.79,3.88722,0.4,0.6,0.8,1.0,,13125.0,6899.0,7602.0,7797.0,,0.0,0,0.0006,0.079999998,0,118,0.0,0.0,0.0,0.0,0,2.8,64.0,0.13,0.32,0,0,Slack,1.0,0.4,4.036363636363636,True,4363.40445,0,0.0,80.57040894000001
113_CT_4,113,4,U55,CT,Gas CT,NG,55.0,19.0,1.0347,55.0,22,19,-15,2.2,2.2,3.7,1,0.75,0.25,1457.4,1122.5,452.8,0,0,0.031,969,31,0.79,3.88722,0.4,0.6,0.8,1.0,,13125.0,6899.0,7602.0,7797.0,,0.0,0,0.0006,0.079999998,0,118,0.0,0.0,0.0,0.0,0,2.8,64.0,0.13,0.32,0,0,Slack,1.0,0.4,4.036363636363636,True,4363.40445,0,0.0,80.57040894000001
113_PV_1,113,1,PV,PV,Solar PV,Solar,0.0,0.0,1.0,93.6,0,0,0,0.0,0.0,93.6,0,0.0,0.0,0.0,0.0,0.0,0,0,0.0,0,0,0.0,0.0,0.0,0.0,0.0,0.0,,0.0,0.0,0.0,0.0,,0.0,0,0,0,0,0,0.0,0.0,0.0,0.0,0,0.0,93.6,0.0,0.0,0,0,Slack,1.0,0.0,1.0,False,0.0,0,0.0,0.0
115_STEAM_1,115,1,U12,STEAM,Oil ST,Oil,5.0,6.0,1.0428,12.0,5,6,0,2.0,4.0,1.0,12,4.0,2.0,68.0,44.0,38.0,0,0,0.02,2940,60,2.0,10.3494,0.416666667,0.611111111,0.805555556,1.0,,17340.0,12030.0,12083.0,12913.0,,0.0,Unit-Specific,Unit-specific,0.5,0.1,170,0.002,0.004,0.04,0.007,0,2.8,14.0,0.13,0.32,0,0,PV,2.4,1.0,12.0,True,455.37359999999995,0,0.0,304.5103962
115_STEAM_2,115,2,U12,STEAM,Oil ST,Oil,5.0,6.0,1.0428,12.0,5,6,0,2.0,4.0,1.0,12,4.0,2.0,68.0,44.0,38.0,0,0,0.02,2940,60,2.0,10.3494,0.416666667,0.611111111,0.805555556,1.0,,17340.0,12030.0,12083.0,12913.0,,0.0,Unit-Specific,Unit-specific,0.5,0.1,170,0.002,0.004,0.04,0.007,0,2.8,14.0,0.13,0.32,0,0,PV,2.4,1.0,12.0,True,455.37359999999995,0,0.0,304.5103962
115_STEAM_3,115,3,U155,STEAM,Coal,Coal,155.0,80.0,1.0428,155.0,62,80,-50,8.0,8.0,3.0,60,11.0,3.0,10778.1,7437.5,6892.1,0,0,0.04,960,40,4.0,2.11399,0.4,0.6,0.8,1.0,,11446.0,9650.0,10640.0,12796.0,,0.0,Unit-specific,Unit-specific,Unit-specific,Unit-specific,210,0.001,0.004,0.02,0.003,0,3.0,182.0,0.13,0.3,0,0,PV,1.0,0.4,1.1612903225806452,True,15722.800624999998,0,0.0,46.68958313999999
116_STEAM_1,116,1,U155,STEAM,Coal,Coal,155.0,80.0,1.0461,155.0,62,80,-50,8.0,8.0,3.0,60,11.0,3.0,10778.1,7437.5,6892.1,0,0,0.04,960,40,4.0,2.11399,0.4,0.6,0.8,1.0,,13238.0,9312.0,10158.0,11294.0,,0.0,Unit-specific,Unit-specific,Unit-specific,Unit-specific,210,0.001,0.004,0.02,0.003,0,3.0,182.0,0.13,0.3,0,0,PV,1.0,0.4,1.1612903225806452,True,15722.800624999998,0,0.0,49.45891003999999
118_CC_1,118,1,U355,CC,Gas CC,NG,355.0,68.43,1.05,355.0,170,150,-25,4.5,8.0,4.14,2,1.0,0.5,7215.1,4536.1,3196.6,0,0,0.033,967,33,1.07,3.88722,0.478873239,0.65258216,0.82629108,1.0,,7257.0,5808.0,7140.0,8351.0,,0.0,0,0.0006,0.079999998,0,118,0.0,0.0,0.0,0.0,0,5.0,414.0,0.13,0.3,0,0,PV,1.0,0.4788732394366197,0.6997183098591548,True,17632.818642000002,0,0.0,55.96430634000001
118_RTPV_1,118,1,RTPV,RTPV,Solar RTPV,Solar,0.0,0.0,1.0,9.3,0,0,0,0.0,0.0,9.3,0,0.0,0.0,0.0,0.0,0.0,0,0,0.0,0,0,0.0,0.0,0.0,0.0,0.0,0.0,,0.0,0.0,0.0,0.0,,0.0,0,0,0,0,0,0.0,0.0,0.0,0.0,0,0.0,9.3,0.0,0.0,0,0,PV,1.0,0.0,1.0,False,0.0,0,0.0,0.0
118_RTPV_2,118,2,RTPV,RTPV,Solar RTPV,Solar,0.0,0.0,1.0,9.7,0,0,0,0.0,0.0,9.7,0,0.0,0.0,0.0,0.0,0.0,0,0,0.0,0,0,0.0,0.0,0.0,0.0,0.0,0.0,,0.0,0.0,0.0,0.0,,0.0,0,0,0,0,0,0.0,0.0,0.0,0.0,0,0.0,9.7,0.0,0.0,0,0,PV,1.0,0.0,1.0,False,0.0,0,0.0,0.0
118_RTPV_3,118,3,RTPV,RTPV,Solar RTPV,Solar,0.0,0.0,1.0,9.4,0,0,0,0.0,0.0,9.4,0,0.0,0.0,0.0,0.0,0.0,0,0,0.0,0,0,0.0,0.0,0.0,0.0,0.0,0.0,,0.0,0.0,0.0,0.0,,0.0,0,0,0,0,0,0.0,0.0,0.0,0.0,0,0.0,9.4,0.0,0.0,0,0,PV,1.0,0.0,1.0,False,0.0,0,0.0,0.0
118_RTPV_4,118,4,RTPV,RTPV,Solar RTPV,Solar,0.0,0.0,1.0,9.1,0,0,0,0.0,0.0,9.1,0,0.0,0.0,0.0,0.0,0.0,0,0,0.0,0,0,0.0,0.0,0.0,0.0,0.0,0.0,,0.0,0.0,0.0,0.0,,0.0,0,0,0,0,0,0.0,0.0,0.0,0.0,0,0.0,9.1,0.0,0.0,0,0,PV,1.0,0.0,1.0,False,0.0,0,0.0,0.0
118_RTPV_5,118,5,RTPV,RTPV,Solar RTPV,Solar,0.0,0.0,1.0,9.1,0,0,0,0.0,0.0,9.1,0,0.0,0.0,0.0,0.0,0.0,0,0,0.0,0,0,0.0,0.0,0.0,0.0,0.0,0.0,,0.0,0.0,0.0,0.0,,0.0,0,0,0,0,0,0.0,0.0,0.0,0.0,0,0.0,9.1,0.0,0.0,0,0,PV,1.0,0.0,1.0,False,0.0,0,0.0,0.0
118_RTPV_6,118,6,RTPV,RTPV,Solar RTPV,Solar,0.0,0.0,1.0,9.7,0,0,0,0.0,0.0,9.7,0,0.0,0.0,0.0,0.0,0.0,0,0,0.0,0,0,0.0,0.0,0.0,0.0,0.0,0.0,,0.0,0.0,0.0,0.0,,0.0,0,0,0,0,0,0.0,0.0,0.0,0.0,0,0.0,9.7,0.0,0.0,0,0,PV,1.0,0.0,1.0,False,0.0,0,0.0,0.0
118_RTPV_7,118,7,RTPV,RTPV,Solar RTPV,Solar,0.0,0.0,1.0,11.8,0,0,0,0.0,0.0,11.8,0,0.0,0.0,0.0,0.0,0.0,0,0,0.0,0,0,0.0,0.0,0.0,0.0,0.0,0.0,,0.0,0.0,0.0,0.0,,0.0,0,0,0,0,0,0.0,0.0,0.0,0.0,0,0.0,11.8,0.0,0.0,0,0,PV,1.0,0.0,1.0,False,0.0,0,0.0,0.0
118_RTPV_8,118,8,RTPV,RTPV,Solar RTPV,Solar,0.0,0.0,1.0,11.2,0,0,0,0.0,0.0,11.2,0,0.0,0.0,0.0,0.0,0.0,0,0,0.0,0,0,0.0,0.0,0.0,0.0,0.0,0.0,,0.0,0.0,0.0,0.0,,0.0,0,0,0,0,0,0.0,0.0,0.0,0.0,0,0.0,11.2,0.0,0.0,0,0,PV,1.0,0.0,1.0,False,0.0,0,0.0,0.0
118_RTPV_9,118,9,RTPV,RTPV,Solar RTPV,Solar,0.0,0.0,1.0,10.3,0,0,0,0.0,0.0,10.3,0,0.0,0.0,0.0,0.0,0.0,0,0,0.0,0,0,0.0,0.0,0.0,0.0,0.0,0.0,,0.0,0.0,0.0,0.0,,0.0,0,0,0,0,0,0.0,0.0,0.0,0.0,0,0.0,10.3,0.0,0.0,0,0,PV,1.0,0.0,1.0,False,0.0,0,0.0,0.0
118_RTPV_10,118,10,RTPV,RTPV,Solar RTPV,Solar,0.0,0.0,1.0,4.5,0,0,0,0.0,0.0,4.5,0,0.0,0.0,0.0,0.0,0.0,0,0,0.0,0,0,0.0,0.0,0.0,0.0,0.0,0.0,,0.0,0.0,0.0,0.0,,0.0,0,0,0,0,0,0.0,0.0,0.0,0.0,0,0.0,4.5,0.0,0.0,0,0,PV,1.0,0.0,1.0,False,0.0,0,0.0,0.0
123_STEAM_2,123,2,U155,STEAM,Coal,Coal,155.0,-5.19,1.05,155.0,62,80,-50,8.0,8.0,3.0,60,11.0,3.0,10778.1,7437.5,6892.1,0,0,0.04,960,40,4.0,2.11399,0.4,0.6,0.8,1.0,,10967.0,9191.0,10865.0,15627.0,,0.0,Unit-specific,Unit-specific,Unit-specific,Unit-specific,210,0.001,0.004,0.02,0.003,0,3.0,182.0,0.13,0.3,0,0,PV,1.0,0.4,1.1612903225806452,True,15722.800624999998,0,0.0,46.15262968
123_STEAM_3,123,3,U350,STEAM,Coal,Coal,350.0,28.41,1.05,350.0,140,150,-25,48.0,24.0,4.0,96,12.0,8.0,17384.1,10114.4,9768.2,0,0,0.08,1150,100,5.0,2.11399,0.4,0.6,0.8,1.0,,12106.0,9453.0,10240.0,11087.0,,0.0,Unit-specific,Unit-specific,Unit-specific,Unit-specific,210,0.001,0.004,0.02,0.003,0,3.0,412.0,0.13,0.3,0,0,PV,1.0,0.4,0.6857142857142857,True,21381.740455999996,0,0.0,47.23922054
123_CT_1,123,1,U55,CT,Gas CT,NG,55.0,0.62,1.05,55.0,22,19,-15,2.2,2.2,3.7,1,0.75,0.25,1457.4,1122.5,452.8,0,0,0.031,969,31,0.79,3.88722,0.4,0.6,0.8,1.0,,12725.0,6757.0,7667.0,7998.0,,0.0,0,0.0006,0.079999998,0,118,0.0,0.0,0.0,0.0,0,2.8,64.0,0.13,0.32,0,0,PV,1.0,0.4,4.036363636363636,True,4363.40445,0,0.0,79.26819024000001
123_CT_4,123,4,U55,CT,Gas CT,NG,55.0,0.62,1.05,55.0,22,19,-15,2.2,2.2,3.7,1,0.75,0.25,1457.4,1122.5,452.8,0,0,0.031,969,31,0.79,3.88722,0.4,0.6,0.8,1.0,,12725.0,6757.0,7667.0,7998.0,,0.0,0,0.0006,0.079999998,0,118,0.0,0.0,0.0,0.0,0,2.8,64.0,0.13,0.32,0,0,PV,1.0,0.4,4.036363636363636,True,4363.40445,0,0.0,79.26819024000001
123_CT_5,123,5,U55,CT,Gas CT,NG,55.0,0.62,1.05,55.0,22,19,-15,2.2,2.2,3.7,1,0.75,0.25,1457.4,1122.5,452.8,0,0,0.031,969,31,0.79,3.88722,0.4,0.6,0.8,1.0,,12725.0,6757.0,7667.0,7998.0,,0.0,0,0.0006,0.079999998,0,118,0.0,0.0,0.0,0.0,0,2.8,64.0,0.13,0.32,0,0,PV,1.0,0.4,4.036363636363636,True,4363.40445,0,0.0,79.26819024000001
201_CT_1,201,1,U20,CT,Oil CT,Oil,8.0,5.29,1.05,20.0,8,10,0,1.0,1.0,3.0,1,0.0,0.0,5.0,5.0,5.0,0,0,0.1,450,50,2.0,10.3494,0.4,0.6,0.8,1.0,,13977.0,7969.0,8107.0,10782.0,,0.0,0.2,0.2,0.5,0.036,160,0.002,0.004,0.11,0.04,0,2.8,24.0,0.13,0.32,0,0,PV,2.5,1.0,22.5,True,51.747,0,0.0,228.55614959999997
201_CT_2,201,2,U20,CT,Oil CT,Oil,8.0,5.29,1.05,20.0,8,10,0,1.0,1.0,3.0,1,0.0,0.0,5.0,5.0,5.0,0,0,0.1,450,50,2.0,10.3494,0.4,0.6,0.8,1.0,,13977.0,7969.0,8107.0,10782.0,,0.0,0.2,0.2,0.5,0.036,160,0.002,0.004,0.11,0.04,0,2.8,24.0,0.13,0.32,0,0,PV,2.5,1.0,22.5,True,51.747,0,0.0,228.55614959999997
201_STEAM_3,201,3,U76,STEAM,Coal,Coal,76.0,6.99,1.05,76.0,30,30,-25,4.0,8.0,2.0,12,10.0,3.0,5284.8,4861.4,3379.4,0,0,0.02,1960,40,3.0,2.11399,0.394736842,0.596491228,0.798245614,1.0,,12989.0,10495.0,11090.0,12185.0,,0.0,Unit-specific,Unit-specific,Unit-specific,Unit-specific,210,0.001,0.004,0.02,0.003,0,3.0,89.0,0.13,0.3,0,0,PV,1.0,0.39473684210526316,1.5789473684210527,True,10276.950985999998,0,0.0,50.90276520999999
201_HYDRO_4,201,4,U50,ROR,Hydro,Hydro,50.0,4.15,1.05,50.0,0,16,-10,0.0,0.0,50.0,0,0.0,0.0,0.0,0.0,0.0,0,0,0.01,1980,20,2.0,0.0,1.0,0.0,0.0,0.0,,3412.0,0.0,0.0,0.0,,0.0,0,0,0,0,0,0.0,0.0,0.0,0.0,0,3.5,53.0,0.1,0.28,0,0,PV,1.0,0.0,60.0,True,0.0,0,0.0,0.0
202_CT_1,202,1,U20,CT,Oil CT,Oil,8.0,5.13,1.05,20.0,8,10,0,1.0,1.0,3.0,1,0.0,0.0,5.0,5.0,5.0,0,0,0.1,450,50,2.0,10.3494,0.4,0.6,0.8,1.0,,13663.0,7836.0,8442.0,9454.0,,0.0,0.2,0.2,0.5,0.036,160,0.002,0.004,0.11,0.04,0,2.8,24.0,0.13,0.32,0,0,PV,2.5,1.0,22.5,True,51.747,0,0.0,228.773487
202_CT_2,202,2,U20,CT,Oil CT,Oil,8.0,5.13,1.05,20.0,8,10,0,1.0,1.0,3.0,1,0.0,0.0,5.0,5.0,5.0,0,0,0.1,450,50,2.0,10.3494,0.4,0.6,0.8,1.0,,13663.0,7836.0,8442.0,9454.0,,0.0,0.2,0.2,0.5,0.036,160,0.002,0.004,0.11,0.04,0,2.8,24.0,0.13,0.32,0,0,PV,2.5,1.0,22.5,True,51.747,0,0.0,228.773487
202_STEAM_3,202,3,U76,STEAM,Coal,Coal,76.0,2.01,1.05,76.0,30,30,-25,4.0,8.0,2.0,12,10.0,3.0,5284.8,4861.4,3379.4,0,0,0.02,1960,40,3.0,2.11399,0.394736842,0.596491228,0.798245614,1.0,,11846.0,9989.0,10070.0,12902.0,,0.0,Unit-specific,Unit-specific,Unit-specific,Unit-specific,210,0.001,0.004,0.02,0.003,0,3.0,89.0,0.13,0.3,0,0,PV,1.0,0.39473684210526316,1.5789473684210527,True,10276.950985999998,0,0.0,46.33020483999999
202_STEAM_4,202,4,U76,STEAM,Coal,Coal,76.0,2.01,1.05,76.0,30,30,-25,4.0,8.0,2.0,12,10.0,3.0,5284.8,4861.4,3379.4,0,0,0.02,1960,40,3.0,2.11399,0.394736842,0.596491228,0.798245614,1.0,,11846.0,9989.0,10070.0,12902.0,,0.0,Unit-specific,Unit-specific,Unit-specific,Unit-specific,210,0.001,0.004,0.02,0.003,0,3.0,89.0,0.13,0.3,0,0,PV,1.0,0.39473684210526316,1.5789473684210527,True,10276.950985999998,0,0.0,46.33020483999999
207_CT_1,207,1,U55,CT,Gas CT,NG,55.0,19.0,0.9699,55.0,22,19,-15,2.2,2.2,3.7,1,0.75,0.25,1457.4,1122.5,452.8,0,0,0.031,969,31,0.79,3.88722,0.4,0.6,0.8,1.0,,13051.0,8804.0,9481.0,10955.0,,0.0,0,0.0006,0.079999998,0,118,0.0,0.0,0.0,0.0,0,2.8,64.0,0.13,0.32,0,0,PV,1.0,0.4,4.036363636363636,True,4363.40445,0,0.0,87.58684104
207_CT_2,207,2,U55,CT,Gas CT,NG,55.0,19.0,0.9699,55.0,22,19,-15,2.2,2.2,3.7,1,0.75,0.25,1457.4,1122.5,452.8,0,0,0.031,969,31,0.79,3.88722,0.4,0.6,0.8,1.0,,13051.0,8804.0,9481.0,10955.0,,0.0,0,0.0006,0.079999998,0,118,0.0,0.0,0.0,0.0,0,2.8,64.0,0.13,0.32,0,0,PV,1.0,0.4,4.036363636363636,True,4363.40445,0,0.0,87.58684104
213_CC_3,213,3,U355,CC,Gas CC,NG,355.0,135.8,1.05,355.0,170,150,-25,4.5,8.0,4.14,2,1.0,0.5,7215.1,4536.1,3196.6,0,0,0.033,967,33,1.07,3.88722,0.478873239,0.65258216,0.82629108,1.0,,7824.0,6334.0,6979.0,8749.0,,0.0,0,0.0006,0.079999998,0,118,0.0,0.0,0.0,0.0,0,5.0,414.0,0.13,0.3,0,0,PV,1.0,0.4788732394366197,0.6997183098591548,True,17632.818642000002,0,0.0,57.54251766000001
213_CT_1,213,1,U55,CT,Gas CT,NG,55.0,9.23,1.05,55.0,22,19,-15,2.2,2.2,3.7,1,0.75,0.25,1457.4,1122.5,452.8,0,0,0.031,969,31,0.79,3.88722,0.4,0.6,0.8,1.0,,13125.0,6899.0,7602.0,7797.0,,0.0,0,0.0006,0.079999998,0,118,0.0,0.0,0.0,0.0,0,2.8,64.0,0.13,0.32,0,0,PV,1.0,0.4,4.036363636363636,True,4363.40445,0,0.0,80.57040894000001
213_CT_2,213,2,U55,CT,Gas CT,NG,55.0,9.23,1.05,55.0,22,19,-15,2.2,2.2,3.7,1,0.75,0.25,1457.4,1122.5,452.8,0,0,0.031,969,31,0.79,3.88722,0.4,0.6,0.8,1.0,,13125.0,6899.0,7602.0,7797.0,,0.0,0,0.0006,0.079999998,0,118,0.0,0.0,0.0,0.0,0,2.8,64.0,0.13,0.32,0,0,PV,1.0,0.4,4.036363636363636,True,4363.40445,0,0.0,80.57040894000001
213_RTPV_1,213,1,RTPV,RTPV,Solar RTPV,Solar,0.0,0.0,1.0,13.2,0,0,0,0.0,0.0,13.2,0,0.0,0.0,0.0,0.0,0.0,0,0,0.0,0,0,0.0,0.0,0.0,0.0,0.0,0.0,,0.0,0.0,0.0,0.0,,0.0,0,0,0,0,0,0.0,0.0,0.0,0.0,0,0.0,13.2,0.0,0.0,0,0,PV,1.0,0.0,1.0,False,0.0,0,0.0,0.0
215_CT_4,215,4,U55,CT,Gas CT,NG,55.0,19.0,1.0437,55.0,22,19,-15,2.2,2.2,3.7,1,0.75,0.25,1457.4,1122.5,452.8,0,0,0.031,969,31,0.79,3.88722,0.4,0.6,0.8,1.0,,14229.0,6668.0,6987.0,8421.0,,0.0,0,0.0006,0.079999998,0,118,0.0,0.0,0.0,0.0,0,2.8,64.0,0.13,0.32,0,0,PV,1.0,0.4,4.036363636363636,True,4363.40445,0,0.0,82.47125952
215_CT_5,215,5,U55,CT,Gas CT,NG,55.0,19.0,1.0437,55.0,22,19,-15,2.2,2.2,3.7,1,0.75,0.25,1457.4,1122.5,452.8,0,0,0.031,969,31,0.79,3.88722,0.4,0.6,0.8,1.0,,14229.0,6668.0,6987.0,8421.0,,0.0,0,0.0006,0.079999998,0,118,0.0,0.0,0.0,0.0,0,2.8,64.0,0.13,0.32,0,0,PV,1.0,0.4,4.036363636363636,True,4363.40445,0,0.0,82.47125952
215_HYDRO_1,215,1,U50,HYDRO,Hydro,Hydro,50.0,16.0,1.0437,50.0,0,16,-10,0.0,0.0,50.0,0,0.0,0.0,0.0,0.0,0.0,0,0,0.01,1980,20,2.0,0.0,1.0,0.0,0.0,0.0,,3412.0,0.0,0.0,0.0,,0.0,0,0,0,0,0,0.0,0.0,0.0,0.0,0,3.5,53.0,0.1,0.28,0,0,PV,1.0,0.0,60.0,True,0.0,0,0.0,0.0
215_HYDRO_2,215,2,U50,HYDRO,Hydro,Hydro,50.0,16.0,1.0437,50.0,0,16,-10,0.0,0.0,50.0,0,0.0,0.0,0.0,0.0,0.0,0,0,0.01,1980,20,2.0,0.0,1.0,0.0,0.0,0.0,,3412.0,0.0,0.0,0.0,,0.0,0,0,0,0,0,0.0,0.0,0.0,0.0,0,3.5,53.0,0.1,0.28,0,0,PV,1.0,0.0,60.0,True,0.0,0,0.0,0.0
215_HYDRO_3,215,3,U50,HYDRO,Hydro,Hydro,50.0,16.0,1.0437,50.0,0,16,-10,0.0,0.0,50.0,0,0.0,0.0,0.0,0.0,0.0,0,0,0.01,1980,20,2.0,0.0,1.0,0.0,0.0,0.0,,3412.0,0.0,0.0,0.0,,0.0,0,0,0,0,0,0.0,0.0,0.0,0.0,0,3.5,53.0,0.1,0.28,0,0,PV,1.0,0.0,60.0,True,0.0,0,0.0,0.0
215_PV_1,215,1,PV,PV,Solar PV,Solar,0.0,0.0,1.0,125.1,0,0,0,0.0,0.0,125.1,0,0.0,0.0,0.0,0.0,0.0,0,0,0.0,0,0,0.0,0.0,0.0,0.0,0.0,0.0,,0.0,0.0,0.0,0.0,,0.0,0,0,0,0,0,0.0,0.0,0.0,0.0,0,0.0,125.1,0.0,0.0,0,0,PV,1.0,0.0,1.0,False,0.0,0,0.0,0.0
216_STEAM_1,216,1,U155,STEAM,Coal,Coal,155.0,80.0,1.0473,155.0,62,80,-50,8.0,8.0,3.0,60,11.0,3.0,10778.1,7437.5,6892.1,0,0,0.04,960,40,4.0,2.11399,0.4,0.6,0.8,1.0,,10881.0,8786.0,10333.0,11191.0,,0.0,Unit-specific,Unit-specific,Unit-specific,Unit-specific,210,0.001,0.004,0.02,0.003,0,3.0,182.0,0.13,0.3,0,0,PV,1.0,0.4,1.1612903225806452,True,15722.800624999998,0,0.0,44.84618385999999
218_CC_1,218,1,U355,CC,Gas CC,NG,355.0,60.3,1.05,355.0,170,150,-25,4.5,8.0,4.14,2,1.0,0.5,7215.1,4536.1,3196.6,0,0,0.033,967,33,1.07,3.88722,0.478873239,0.65258216,0.82629108,1.0,,11385.0,5388.0,5575.0,7658.0,,0.0,0,0.0006,0.079999998,0,118,0.0,0.0,0.0,0.0,0,5.0,414.0,0.13,0.3,0,0,PV,1.0,0.4788732394366197,0.6997183098591548,True,17632.818642000002,0,0.0,65.92725120000001
221_CC_1,221,1,U355,CC,Gas CC,NG,296.97,-7.52,1.05,355.0,170,150,-25,4.5,8.0,4.14,2,1.0,0.5,7215.1,4536.1,3196.6,0,0,0.033,967,33,1.07,3.88722,0.478873239,0.65258216,0.82629108,1.0,,6887.0,5950.0,6772.0,9293.0,,0.0,0,0.0006,0.079999998,0,118,0.0,0.0,0.0,0.0,0,5.0,414.0,0.13,0.3,0,0,PV,1.1954069434623025,0.5724483954608209,0.8364481260733406,True,17632.818642000002,0,0.0,53.09553798
223_STEAM_1,223,1,U155,STEAM,Coal,Coal,155.0,-10.31,1.05,155.0,62,80,-50,8.0,8.0,3.0,60,11.0,3.0,10778.1,7437.5,6892.1,0,0,0.04,960,40,4.0,2.11399,0.4,0.6,0.8,1.0,,10857.0,9004.0,9314.0,9659.0,,0.0,Unit-specific,Unit-specific,Unit-specific,Unit-specific,210,0.001,0.004,0.02,0.003,0,3.0,182.0,0.13,0.3,0,0,PV,1.0,0.4,1.1612903225806452,True,15722.800624999998,0,0.0,42.641292289999996
223_STEAM_2,223,2,U155,STEAM,Coal,Coal,155.0,-10.31,1.05,155.0,62,80,-50,8.0,8.0,3.0,60,11.0,3.0,10778.1,7437.5,6892.1,0,0,0.04,960,40,4.0,2.11399,0.4,0.6,0.8,1.0,,10857.0,9004.0,9314.0,9659.0,,0.0,Unit-specific,Unit-specific,Unit-specific,Unit-specific,210,0.001,0.004,0.02,0.003,0,3.0,182.0,0.13,0.3,0,0,PV,1.0,0.4,1.1612903225806452,True,15722.800624999998,0,0.0,42.641292289999996
223_STEAM_3,223,3,U350,STEAM,Coal,Coal,350.0,20.59,1.05,350.0,140,150,-25,48.0,24.0,4.0,96,12.0,8.0,17384.1,10114.4,9768.2,0,0,0.08,1150,100,5.0,2.11399,0.4,0.6,0.8,1.0,,11229.0,8922.0,10913.0,11645.0,,0.0,Unit-specific,Unit-specific,Unit-specific,Unit-specific,210,0.001,0.004,0.02,0.003,0,3.0,412.0,0.13,0.3,0,0,PV,1.0,0.4,0.6857142857142857,True,21381.740455999996,0,0.0,46.80796657999999
223_CT_4,223,4,U55,CT,Gas CT,NG,22.0,0.24,1.05,55.0,22,19,-15,2.2,2.2,3.7,1,0.75,0.25,1457.4,1122.5,452.8,0,0,0.031,969,31,0.79,3.88722,0.4,0.6,0.8,1.0,,19794.0,9595.0,10225.0,10676.0,,0.0,0,0.0006,0.079999998,0,118,0.0,0.0,0.0,0.0,0,2.8,64.0,0.13,0.32,0,0,PV,2.5,1.0,10.090909090909092,True,4363.40445,0,0.0,116.69045718000001
223_CT_5,223,5,U55,CT,Gas CT,NG,22.0,0.24,1.05,55.0,22,19,-15,2.2,2.2,3.7,1,0.75,0.25,1457.4,1122.5,452.8,0,0,0.031,969,31,0.79,3.88722,0.4,0.6,0.8,1.0,,19794.0,9595.0,10225.0,10676.0,,0.0,0,0.0006,0.079999998,0,118,0.0,0.0,0.0,0.0,0,2.8,64.0,0.13,0.32,0,0,PV,2.5,1.0,10.090909090909092,True,4363.40445,0,0.0,116.69045718000001
223_CT_6,223,6,U55,CT,Gas CT,NG,22.0,0.24,1.05,55.0,22,19,-15,2.2,2.2,3.7,1,0.75,0.25,1457.4,1122.5,452.8,0,0,0.031,969,31,0.79,3.88722,0.4,0.6,0.8,1.0,,19794.0,9595.0,10225.0,10676.0,,0.0,0,0.0006,0.079999998,0,118,0.0,0.0,0.0,0.0,0,2.8,64.0,0.13,0.32,0,0,PV,2.5,1.0,10.090909090909092,True,4363.40445,0,0.0,116.69045718000001
301_CT_1,301,1,U20,CT,Oil CT,Oil,8.0,7.95,1.05,20.0,8,10,0,1.0,1.0,3.0,1,0.0,0.0,5.0,5.0,5.0,0,0,0.1,450,50,2.0,10.3494,0.4,0.6,0.8,1.0,,14593.0,8431.0,9633.0,10181.0,,0.0,0.2,0.2,0.5,0.036,160,0.002,0.004,0.11,0.04,0,2.8,24.0,0.13,0.32,0,0,PV,2.5,1.0,22.5,True,51.747,0,0.0,250.72456440000002
301_CT_2,301,2,U20,CT,Oil CT,Oil,8.0,7.95,1.05,20.0,8,10,0,1.0,1.0,3.0,1,0.0,0.0,5.0,5.0,5.0,0,0,0.1,450,50,2.0,10.3494,0.4,0.6,0.8,1.0,,14593.0,8431.0,9633.0,10181.0,,0.0,0.2,0.2,0.5,0.036,160,0.002,0.004,0.11,0.04,0,2.8,24.0,0.13,0.32,0,0,PV,2.5,1.0,22.5,True,51.747,0,0.0,250.72456440000002
301_CT_3,301,3,U55,CT,Gas CT,NG,44.0,16.53,1.05,55.0,22,19,-15,2.2,2.2,3.7,1,0.75,0.25,1457.4,1122.5,452.8,0,0,0.031,969,31,0.79,3.88722,0.4,0.6,0.8,1.0,,13090.0,7324.0,7534.0,11253.0,,0.0,0,0.0006,0.079999998,0,118,0.0,0.0,0.0,0.0,0,2.8,64.0,0.13,0.32,0,0,PV,1.25,0.5,5.045454545454546,True,4363.40445,0,0.0,80.17002528
301_CT_4,301,4,U55,CT,Gas CT,NG,44.0,16.53,1.05,55.0,22,19,-15,2.2,2.2,3.7,1,0.75,0.25,1457.4,1122.5,452.8,0,0,0.031,969,31,0.79,3.88722,0.4,0.6,0.8,1.0,,13090.0,7324.0,7534.0,11253.0,,0.0,0,0.0006,0.079999998,0,118,0.0,0.0,0.0,0.0,0,2.8,64.0,0.13,0.32,0,0,PV,1.25,0.5,5.045454545454546,True,4363.40445,0,0.0,80.17002528
302_CT_1,302,1,U20,CT,Oil CT,Oil,8.0,6.16,1.05,20.0,8,10,0,1.0,1.0,3.0,1,0.0,0.0,5.0,5.0,5.0,0,0,0.1,450,50,2.0,10.3494,0.4,0.6,0.8,1.0,,14593.0,8431.0,9633.0,10181.0,,0.0,0.2,0.2,0.5,0.036,160,0.002,0.004,0.11,0.04,0,2.8,24.0,0.13,0.32,0,0,PV,2.5,1.0,22.5,True,51.747,0,0.0,250.72456440000002
302_CT_2,302,2,U20,CT,Oil CT,Oil,8.0,6.16,1.05,20.0,8,10,0,1.0,1.0,3.0,1,0.0,0.0,5.0,5.0,5.0,0,0,0.1,450,50,2.0,10.3494,0.4,0.6,0.8,1.0,,14593.0,8431.0,9633.0,10181.0,,0.0,0.2,0.2,0.5,0.036,160,0.002,0.004,0.11,0.04,0,2.8,24.0,0.13,0.32,0,0,PV,2.5,1.0,22.5,True,51.747,0,0.0,250.72456440000002
302_CT_3,302,3,U55,CT,Gas CT,NG,55.0,10.99,1.05,55.0,22,19,-15,2.2,2.2,3.7,1,0.75,0.25,1457.4,1122.5,452.8,0,0,0.031,969,31,0.79,3.88722,0.4,0.6,0.8,1.0,,15395.0,8693.0,9874.0,9939.0,,0.0,0,0.0006,0.079999998,0,118,0.0,0.0,0.0,0.0,0,2.8,64.0,0.13,0.32,0,0,PV,1.0,0.4,4.036363636363636,True,4363.40445,0,0.0,98.22616218
302_CT_4,302,4,U55,CT,Gas CT,NG,55.0,10.99,1.05,55.0,22,19,-15,2.2,2.2,3.7,1,0.75,0.25,1457.4,1122.5,452.8,0,0,0.031,969,31,0.79,3.88722,0.4,0.6,0.8,1.0,,15395.0,8693.0,9874.0,9939.0,,0.0,0,0.0006,0.079999998,0,118,0.0,0.0,0.0,0.0,0,2.8,64.0,0.13,0.32,0,0,PV,1.0,0.4,4.036363636363636,True,4363.40445,0,0.0,98.22616218
307_CT_1,307,1,U55,CT,Gas CT,NG,55.0,19.0,0.9568,55.0,22,19,-15,2.2,2.2,3.7,1,0.75,0.25,1457.4,1122.5,452.8,0,0,0.031,969,31,0.79,3.88722,0.4,0.6,0.8,1.0,,13353.0,7176.0,7517.0,9126.0,,0.0,0,0.0006,0.079999998,0,118,0.0,0.0,0.0,0.0,0,2.8,64.0,0.13,0.32,0,0,PV,1.0,0.4,4.036363636363636,True,4363.40445,0,0.0,81.12628140000001
307_CT_2,307,2,U55,CT,Gas CT,NG,55.0,19.0,0.9568,55.0,22,19,-15,2.2,2.2,3.7,1,0.75,0.25,1457.4,1122.5,452.8,0,0,0.031,969,31,0.79,3.88722,0.4,0.6,0.8,1.0,,13353.0,7176.0,7517.0,9126.0,,0.0,0,0.0006,0.079999998,0,118,0.0,0.0,0.0,0.0,0,2.8,64.0,0.13,0.32,0,0,PV,1.0,0.4,4.036363636363636,True,4363.40445,0,0.0,81.12628140000001
313_CC_1,313,1,U355,CC,Gas CC,NG,355.0,150.0,1.035,355.0,170,150,-25,4.5,8.0,4.14,2,1.0,0.5,7215.1,4536.1,3196.6,0,0,0.033,967,33,1.07,3.88722,0.478873239,0.65258216,0.82629108,1.0,,7934.0,4047.0,6883.0,8683.0,,0.0,0,0.0006,0.079999998,0,118,0.0,0.0,0.0,0.0,0,5.0,414.0,0.13,0.3,0,0,PV,1.0,0.4788732394366197,0.6997183098591548,True,17632.818642000002,0,0.0,57.596938740000006
313_PV_1,313,1,PV,PV,Solar PV,Solar,0.0,0.0,1.0,95.1,0,0,0,0.0,0.0,95.1,0,0.0,0.0,0.0,0.0,0.0,0,0,0.0,0,0,0.0,0.0,0.0,0.0,0.0,0.0,,0.0,0.0,0.0,0.0,,0.0,0,0,0,0,0,0.0,0.0,0.0,0.0,0,0.0,95.1,0.0,0.0,0,0,PV,1.0,0.0,1.0,False,0.0,0,0.0,0.0
313_PV_2,313,2,PV,PV,Solar PV,Solar,0.0,0.0,1.0,93.3,0,0,0,0.0,0.0,93.3,0,0.0,0.0,0.0,0.0,0.0,0,0,0.0,0,0,0.0,0.0,0.0,0.0,0.0,0.0,,0.0,0.0,0.0,0.0,,0.0,0,0,0,0,0,0.0,0.0,0.0,0.0,0,0.0,93.3,0.0,0.0,0,0,PV,1.0,0.0,1.0,False,0.0,0,0.0,0.0
313_RTPV_1,313,1,RTPV,RTPV,Solar RTPV,Solar,0.0,0.0,1.0,101.7,0,0,0,0.0,0.0,101.7,0,0.0,0.0,0.0,0.0,0.0,0,0,0.0,0,0,0.0,0.0,0.0,0.0,0.0,0.0,,0.0,0.0,0.0,0.0,,0.0,0,0,0,0,0,0.0,0.0,0.0,0.0,0,0.0,101.7,0.0,0.0,0,0,PV,1.0,0.0,1.0,False,0.0,0,0.0,0.0
313_RTPV_2,313,2,RTPV,RTPV,Solar RTPV,Solar,0.0,0.0,1.0,63.1,0,0,0,0.0,0.0,63.1,0,0.0,0.0,0.0,0.0,0.0,0,0,0.0,0,0,0.0,0.0,0.0,0.0,0.0,0.0,,0.0,0.0,0.0,0.0,,0.0,0,0,0,0,0,0.0,0.0,0.0,0.0,0,0.0,63.1,0.0,0.0,0,0,PV,1.0,0.0,1.0,False,0.0,0,0.0,0.0
313_RTPV_3,313,3,RTPV,RTPV,Solar RTPV,Solar,0.0,0.0,1.0,65.4,0,0,0,0.0,0.0,65.4,0,0.0,0.0,0.0,0.0,0.0,0,0,0.0,0,0,0.0,0.0,0.0,0.0,0.0,0.0,,0.0,0.0,0.0,0.0,,0.0,0,0,0,0,0,0.0,0.0,0.0,0.0,0,0.0,65.4,0.0,0.0,0,0,PV,1.0,0.0,1.0,False,0.0,0,0.0,0.0
313_RTPV_4,313,4,RTPV,RTPV,Solar RTPV,Solar,0.0,0.0,1.0,67.0,0,0,0,0.0,0.0,67.0,0,0.0,0.0,0.0,0.0,0.0,0,0,0.0,0,0,0.0,0.0,0.0,0.0,0.0,0.0,,0.0,0.0,0.0,0.0,,0.0,0,0,0,0,0,0.0,0.0,0.0,0.0,0,0.0,67.0,0.0,0.0,0,0,PV,1.0,0.0,1.0,False,0.0,0,0.0,0.0
313_RTPV_5,313,5,RTPV,RTPV,Solar RTPV,Solar,0.0,0.0,1.0,64.8,0,0,0,0.0,0.0,64.8,0,0.0,0.0,0.0,0.0,0.0,0,0,0.0,0,0,0.0,0.0,0.0,0.0,0.0,0.0,,0.0,0.0,0.0,0.0,,0.0,0,0,0,0,0,0.0,0.0,0.0,0.0,0,0.0,64.8,0.0,0.0,0,0,PV,1.0,0.0,1.0,False,0.0,0,0.0,0.0
313_RTPV_6,313,6,RTPV,RTPV,Solar RTPV,Solar,0.0,0.0,1.0,63.8,0,0,0,0.0,0.0,63.8,0,0.0,0.0,0.0,0.0,0.0,0,0,0.0,0,0,0.0,0.0,0.0,0.0,0.0,0.0,,0.0,0.0,0.0,0.0,,0.0,0,0,0,0,0,0.0,0.0,0.0,0.0,0,0.0,63.8,0.0,0.0,0,0,PV,1.0,0.0,1.0,False,0.0,0,0.0,0.0
313_RTPV_7,313,7,RTPV,RTPV,Solar RTPV,Solar,0.0,0.0,1.0,64.1,0,0,0,0.0,0.0,64.1,0,0.0,0.0,0.0,0.0,0.0,0,0,0.0,0,0,0.0,0.0,0.0,0.0,0.0,0.0,,0.0,0.0,0.0,0.0,,0.0,0,0,0,0,0,0.0,0.0,0.0,0.0,0,0.0,64.1,0.0,0.0,0,0,PV,1.0,0.0,1.0,False,0.0,0,0.0,0.0
313_RTPV_8,313,8,RTPV,RTPV,Solar RTPV,Solar,0.0,0.0,1.0,66.6,0,0,0,0.0,0.0,66.6,0,0.0,0.0,0.0,0.0,0.0,0,0,0.0,0,0,0.0,0.0,0.0,0.0,0.0,0.0,,0.0,0.0,0.0,0.0,,0.0,0,0,0,0,0,0.0,0.0,0.0,0.0,0,0.0,66.6,0.0,0.0,0,0,PV,1.0,0.0,1.0,False,0.0,0,0.0,0.0
313_RTPV_9,313,9,RTPV,RTPV,Solar RTPV,Solar,0.0,0.0,1.0,62.4,0,0,0,0.0,0.0,62.4,0,0.0,0.0,0.0,0.0,0.0,0,0,0.0,0,0,0.0,0.0,0.0,0.0,0.0,0.0,,0.0,0.0,0.0,0.0,,0.0,0,0,0,0,0,0.0,0.0,0.0,0.0,0,0.0,62.4,0.0,0.0,0,0,PV,1.0,0.0,1.0,False,0.0,0,0.0,0.0
313_RTPV_10,313,10,RTPV,RTPV,Solar RTPV,Solar,0.0,0.0,1.0,66.9,0,0,0,0.0,0.0,66.9,0,0.0,0.0,0.0,0.0,0.0,0,0,0.0,0,0,0.0,0.0,0.0,0.0,0.0,0.0,,0.0,0.0,0.0,0.0,,0.0,0,0,0,0,0,0.0,0.0,0.0,0.0,0,0.0,66.9,0.0,0.0,0,0,PV,1.0,0.0,1.0,False,0.0,0,0.0,0.0
313_RTPV_11,313,11,RTPV,RTPV,Solar RTPV,Solar,0.0,0.0,1.0,65.2,0,0,0,0.0,0.0,65.2,0,0.0,0.0,0.0,0.0,0.0,0,0,0.0,0,0,0.0,0.0,0.0,0.0,0.0,0.0,,0.0,0.0,0.0,0.0,,0.0,0,0,0,0,0,0.0,0.0,0.0,0.0,0,0.0,65.2,0.0,0.0,0,0,PV,1.0,0.0,1.0,False,0.0,0,0.0,0.0
313_RTPV_12,313,12,RTPV,RTPV,Solar RTPV,Solar,0.0,0.0,1.0,27.8,0,0,0,0.0,0.0,27.8,0,0.0,0.0,0.0,0.0,0.0,0,0,0.0,0,0,0.0,0.0,0.0,0.0,0.0,0.0,,0.0,0.0,0.0,0.0,,0.0,0,0,0,0,0,0.0,0.0,0.0,0.0,0,0.0,27.8,0.0,0.0,0,0,PV,1.0,0.0,1.0,False,0.0,0,0.0,0.0
313_RTPV_13,313,13,RTPV,RTPV,Solar RTPV,Solar,0.0,0.0,1.0,27.2,0,0,0,0.0,0.0,27.2,0,0.0,0.0,0.0,0.0,0.0,0,0,0.0,0,0,0.0,0.0,0.0,0.0,0.0,0.0,,0.0,0.0,0.0,0.0,,0.0,0,0,0,0,0,0.0,0.0,0.0,0.0,0,0.0,27.2,0.0,0.0,0,0,PV,1.0,0.0,1.0,False,0.0,0,0.0,0.0
315_STEAM_1,315,1,U12,STEAM,Oil ST,Oil,5.0,6.0,1.0422,12.0,5,6,0,2.0,4.0,1.0,12,4.0,2.0,68.0,44.0,38.0,0,0,0.02,2940,60,2.0,10.3494,0.416666667,0.611111111,0.805555556,1.0,,14410.0,7289.0,9701.0,11991.0,,0.0,Unit-Specific,Unit-specific,0.5,0.1,170,0.002,0.004,0.04,0.007,0,2.8,14.0,0.13,0.32,0,0,PV,2.4,1.0,12.0,True,455.37359999999995,0,0.0,249.53438339999997
315_STEAM_2,315,2,U12,STEAM,Oil ST,Oil,5.0,6.0,1.0422,12.0,5,6,0,2.0,4.0,1.0,12,4.0,2.0,68.0,44.0,38.0,0,0,0.02,2940,60,2.0,10.3494,0.416666667,0.611111111,0.805555556,1.0,,14410.0,7289.0,9701.0,11991.0,,0.0,Unit-Specific,Unit-specific,0.5,0.1,170,0.002,0.004,0.04,0.007,0,2.8,14.0,0.13,0.32,0,0,PV,2.4,1.0,12.0,True,455.37359999999995,0,0.0,249.53438339999997
315_STEAM_3,315,3,U12,STEAM,Oil ST,Oil,5.0,6.0,1.0422,12.0,5,6,0,2.0,4.0,1.0,12,4.0,2.0,68.0,44.0,38.0,0,0,0.02,2940,60,2.0,10.3494,0.416666667,0.611111111,0.805555556,1.0,,14410.0,7289.0,9701.0,11991.0,,0.0,Unit-Specific,Unit-specific,0.5,0.1,170,0.002,0.004,0.04,0.007,0,2.8,14.0,0.13,0.32,0,0,PV,2.4,1.0,12.0,True,455.37359999999995,0,0.0,249.53438339999997
315_STEAM_4,315,4,U12,STEAM,Oil ST,Oil,5.0,6.0,1.0422,12.0,5,6,0,2.0,4.0,1.0,12,4.0,2.0,68.0,44.0,38.0,0,0,0.02,2940,60,2.0,10.3494,0.416666667,0.611111111,0.805555556,1.0,,14410.0,7289.0,9701.0,11991.0,,0.0,Unit-Specific,Unit-specific,0.5,0.1,170,0.002,0.004,0.04,0.007,0,2.8,14.0,0.13,0.32,0,0,PV,2.4,1.0,12.0,True,455.37359999999995,0,0.0,249.53438339999997
315_STEAM_5,315,5,U12,STEAM,Oil ST,Oil,5.0,6.0,1.0422,12.0,5,6,0,2.0,4.0,1.0,12,4.0,2.0,68.0,44.0,38.0,0,0,0.02,2940,60,2.0,10.3494,0.416666667,0.611111111,0.805555556,1.0,,14410.0,7289.0,9701.0,11991.0,,0.0,Unit-Specific,Unit-specific,0.5,0.1,170,0.002,0.004,0.04,0.007,0,2.8,14.0,0.13,0.32,0,0,PV,2.4,1.0,12.0,True,455.37359999999995,0,0.0,249.53438339999997
315_CT_6,315,6,U55,CT,Gas CT,NG,55.0,19.0,1.0422,55.0,22,19,-15,2.2,2.2,3.7,1,0.75,0.25,1457.4,1122.5,452.8,0,0,0.031,969,31,0.79,3.88722,0.4,0.6,0.8,1.0,,10342.0,6792.0,6919.0,8195.0,,0.0,0,0.0006,0.079999998,0,118,0.0,0.0,0.0,0.0,0,2.8,64.0,0.13,0.32,0,0,PV,1.0,0.4,4.036363636363636,True,4363.40445,0,0.0,67.09730442
315_CT_7,315,7,U55,CT,Gas CT,NG,55.0,19.0,1.0422,55.0,22,19,-15,2.2,2.2,3.7,1,0.75,0.25,1457.4,1122.5,452.8,0,0,0.031,969,31,0.79,3.88722,0.4,0.6,0.8,1.0,,10342.0,6792.0,6919.0,8195.0,,0.0,0,0.0006,0.079999998,0,118,0.0,0.0,0.0,0.0,0,2.8,64.0,0.13,0.32,0,0,PV,1.0,0.4,4.036363636363636,True,4363.40445,0,0.0,67.09730442
315_CT_8,315,8,U55,CT,Gas CT,NG,55.0,60.0,1.0422,55.0,22,60,0,2.2,2.2,3.7,1,0.75,0.25,1457.4,1122.5,452.8,0,0,0.031,969,31,0.79,3.88722,0.4,0.6,0.8,1.0,,10342.0,6792.0,6919.0,8195.0,,0.0,0,0.0006,0.079999998,0,118,0.0,0.0,0.0,0.0,0,2.8,64.0,0.13,0.32,0,0,PV,1.0,0.4,4.036363636363636,True,4363.40445,0,0.0,67.09730442
316_STEAM_1,316,1,U155,STEAM,Coal,Coal,155.0,80.0,1.0449,155.0,62,80,-50,8.0,8.0,3.0,60,11.0,3.0,10778.1,7437.5,6892.1,0,0,0.04,960,40,4.0,2.11399,0.4,0.6,0.8,1.0,,11846.0,9989.0,10070.0,12902.0,,0.0,Unit-specific,Unit-specific,Unit-specific,Unit-specific,210,0.001,0.004,0.02,0.003,0,3.0,182.0,0.13,0.3,0,0,PV,1.0,0.4,1.1612903225806452,True,15722.800624999998,0,0.0,46.33020483999999
318_CC_1,318,1,U355,CC,Gas CC,NG,355.0,63.12,1.05,355.0,170,150,-25,4.5,8.0,4.14,2,1.0,0.5,7215.1,4536.1,3196.6,0,0,0.033,967,33,1.07,3.88722,0.478873239,0.65258216,0.82629108,1.0,,7952.0,6906.0,7017.0,8111.0,,0.0,0,0.0006,0.079999998,0,118,0.0,0.0,0.0,0.0,0,5.0,414.0,0.13,0.3,0,0,PV,1.0,0.4788732394366197,0.6997183098591548,True,17632.818642000002,0,0.0,58.18779618000001
321_CC_1,321,1,U355,CC,Gas CC,NG,355.0,-3.34,1.05,355.0,170,150,-25,4.5,8.0,4.14,2,1.0,0.5,7215.1,4536.1,3196.6,0,0,0.033,967,33,1.07,3.88722,0.478873239,0.65258216,0.82629108,1.0,,7227.0,5848.0,6665.0,8733.0,,0.0,0,0.0006,0.079999998,0,118,0.0,0.0,0.0,0.0,0,5.0,414.0,0.13,0.3,0,0,PV,1.0,0.4788732394366197,0.6997183098591548,True,17632.818642000002,0,0.0,54.00126024000001
322_CT_5,322,5,U55,CT,Gas CT,NG,55.0,-9.73,1.05,55.0,22,19,-15,2.2,2.2,3.7,1,0.75,0.25,1457.4,1122.5,452.8,0,0,0.031,969,31,0.79,3.88722,0.4,0.6,0.8,1.0,,12064.0,6003.0,6817.0,7176.0,,0.0,0,0.0006,0.079999998,0,118,0.0,0.0,0.0,0.0,0,2.8,64.0,0.13,0.32,0,0,PV,1.0,0.4,4.036363636363636,True,4363.40445,0,0.0,73.39460082000001
322_CT_6,322,6,U55,CT,Gas CT,NG,55.0,-9.73,1.05,55.0,22,19,-15,2.2,2.2,3.7,1,0.75,0.25,1457.4,1122.5,452.8,0,0,0.031,969,31,0.79,3.88722,0.4,0.6,0.8,1.0,,12064.0,6003.0,6817.0,7176.0,,0.0,0,0.0006,0.079999998,0,118,0.0,0.0,0.0,0.0,0,2.8,64.0,0.13,0.32,0,0,PV,1.0,0.4,4.036363636363636,True,4363.40445,0,0.0,73.39460082000001
322_HYDRO_1,322,1,U50,HYDRO,Hydro,Hydro,50.0,-5.13,1.05,50.0,0,16,-10,0.0,0.0,50.0,0,0.0,0.0,0.0,0.0,0.0,0,0,0.01,1980,20,2.0,0.0,1.0,0.0,0.0,0.0,,3412.0,0.0,0.0,0.0,,0.0,0,0,0,0,0,0.0,0.0,0.0,0.0,0,3.5,53.0,0.1,0.28,0,0,PV,1.0,0.0,60.0,True,0.0,0,0.0,0.0
322_HYDRO_2,322,2,U50,HYDRO,Hydro,Hydro,50.0,-5.13,1.05,50.0,0,16,-10,0.0,0.0,50.0,0,0.0,0.0,0.0,0.0,0.0,0,0,0.01,1980,20,2.0,0.0,1.0,0.0,0.0,0.0,,3412.0,0.0,0.0,0.0,,0.0,0,0,0,0,0,0.0,0.0,0.0,0.0,0,3.5,53.0,0.1,0.28,0,0,PV,1.0,0.0,60.0,True,0.0,0,0.0,0.0
322_HYDRO_3,322,3,U50,HYDRO,Hydro,Hydro,50.0,-5.13,1.05,50.0,0,16,-10,0.0,0.0,50.0,0,0.0,0.0,0.0,0.0,0.0,0,0,0.01,1980,20,2.0,0.0,1.0,0.0,0.0,0.0,,3412.0,0.0,0.0,0.0,,0.0,0,0,0,0,0,0.0,0.0,0.0,0.0,0,3.5,53.0,0.1,0.28,0,0,PV,1.0,0.0,60.0,True,0.0,0,0.0,0.0
322_HYDRO_4,322,4,U50,HYDRO,Hydro,Hydro,50.0,-5.13,1.05,50.0,0,16,-10,0.0,0.0,50.0,0,0.0,0.0,0.0,0.0,0.0,0,0,0.01,1980,20,2.0,0.0,1.0,0.0,0.0,0.0,,3412.0,0.0,0.0,0.0,,0.0,0,0,0,0,0,0.0,0.0,0.0,0.0,0,3.5,53.0,0.1,0.28,0,0,PV,1.0,0.0,60.0,True,0.0,0,0.0,0.0
323_CC_1,323,1,U355,CC,Gas CC,NG,355.0,37.41,1.05,355.0,170,150,-25,4.5,8.0,4.14,2,1.0,0.5,7215.1,4536.1,3196.6,0,0,0.033,967,33,1.07,3.88722,0.478873239,0.65258216,0.82629108,1.0,,7381.0,6799.0,7789.0,8162.0,,0.0,0,0.0006,0.079999998,0,118,0.0,0.0,0.0,0.0,0,5.0,414.0,0.13,0.3,0,0,PV,1.0,0.4788732394366197,0.6997183098591548,True,17632.818642000002,0,0.0,58.969127400000005
323_CC_2,323,2,U355,CC,Gas CC,NG,355.0,37.41,1.05,355.0,170,150,-25,4.5,8.0,4.14,2,1.0,0.5,7215.1,4536.1,3196.6,0,0,0.033,967,33,1.07,3.88722,0.478873239,0.65258216,0.82629108,1.0,,7381.0,6799.0,7789.0,8162.0,,0.0,0,0.0006,0.079999998,0,118,0.0,0.0,0.0,0.0,0,5.0,414.0,0.13,0.3,0,0,PV,1.0,0.4788732394366197,0.6997183098591548,True,17632.818642000002,0,0.0,58.969127400000005
121_NUCLEAR_1,121,1,U400,NUCLEAR,Nuclear,Nuclear,400.0,-21.87,1.05,400.0,396,200,-50,48.0,24.0,20.0,9999,9999.0,9999.0,78978.0,0.0,9999.0,0,0,0.12,1100,150,6.0,0.81035,0.99,0.993333333,0.996666667,1.0,,10000.0,0.0,0.0,0.0,,0.0,0,0,0,0,0,0.0,0.0,0.0,0.0,0,5.0,471.0,0.15,0.4,0,0,PV,1.0,0.99,3.0,True,0.0,0,24.0,8.1035
122_HYDRO_1,122,1,U50,HYDRO,Hydro,Hydro,50.0,-6.79,1.05,50.0,0,16,-10,0.0,0.0,50.0,0,0.0,0.0,0.0,0.0,0.0,0,0,0.01,1980,20,2.0,0.0,1.0,0.0,0.0,0.0,,3412.0,0.0,0.0,0.0,,0.0,0,0,0,0,0,0.0,0.0,0.0,0.0,0,3.5,53.0,0.1,0.28,0,0,PV,1.0,0.0,60.0,True,0.0,0,0.0,0.0
122_HYDRO_2,122,2,U50,HYDRO,Hydro,Hydro,50.0,-6.79,1.05,50.0,0,16,-10,0.0,0.0,50.0,0,0.0,0.0,0.0,0.0,0.0,0,0,0.01,1980,20,2.0,0.0,1.0,0.0,0.0,0.0,,3412.0,0.0,0.0,0.0,,0.0,0,0,0,0,0,0.0,0.0,0.0,0.0,0,3.5,53.0,0.1,0.28,0,0,PV,1.0,0.0,60.0,True,0.0,0,0.0,0.0
122_HYDRO_3,122,3,U50,HYDRO,Hydro,Hydro,50.0,-6.79,1.05,50.0,0,16,-10,0.0,0.0,50.0,0,0.0,0.0,0.0,0.0,0.0,0,0,0.01,1980,20,2.0,0.0,1.0,0.0,0.0,0.0,,3412.0,0.0,0.0,0.0,,0.0,0,0,0,0,0,0.0,0.0,0.0,0.0,0,3.5,53.0,0.1,0.28,0,0,PV,1.0,0.0,60.0,True,0.0,0,0.0,0.0
122_HYDRO_4,122,4,U50,HYDRO,Hydro,Hydro,50.0,-6.79,1.05,50.0,0,16,-10,0.0,0.0,50.0,0,0.0,0.0,0.0,0.0,0.0,0,0,0.01,1980,20,2.0,0.0,1.0,0.0,0.0,0.0,,3412.0,0.0,0.0,0.0,,0.0,0,0,0,0,0,0.0,0.0,0.0,0.0,0,3.5,53.0,0.1,0.28,0,0,PV,1.0,0.0,60.0,True,0.0,0,0.0,0.0
122_HYDRO_5,122,5,U50,HYDRO,Hydro,Hydro,50.0,-6.79,1.05,50.0,0,16,-10,0.0,0.0,50.0,0,0.0,0.0,0.0,0.0,0.0,0,0,0.01,1980,20,2.0,0.0,1.0,0.0,0.0,0.0,,3412.0,0.0,0.0,0.0,,0.0,0,0,0,0,0,0.0,0.0,0.0,0.0,0,3.5,53.0,0.1,0.28,0,0,PV,1.0,0.0,60.0,True,0.0,0,0.0,0.0
122_HYDRO_6,122,6,U50,HYDRO,Hydro,Hydro,50.0,-6.79,1.05,50.0,0,16,-10,0.0,0.0,50.0,0,0.0,0.0,0.0,0.0,0.0,0,0,0.01,1980,20,2.0,0.0,1.0,0.0,0.0,0.0,,3412.0,0.0,0.0,0.0,,0.0,0,0,0,0,0,0.0,0.0,0.0,0.0,0,3.5,53.0,0.1,0.28,0,0,PV,1.0,0.0,60.0,True,0.0,0,0.0,0.0
122_WIND_1,122,1,WIND,WIND,Wind,Wind,0.0,0.0,1.0,713.5,0,0,0,0.0,0.0,713.5,0,0.0,0.0,0.0,0.0,0.0,0,0,0.0,0,0,0.0,0.0,0.0,0.0,0.0,0.0,,0.0,0.0,0.0,0.0,,0.0,0,0,0,0,0,0.0,0.0,0.0,0.0,0,0.0,713.5,0.0,0.0,0,0,PV,1.0,0.0,1.0,False,0.0,0,0.0,0.0
222_HYDRO_1,222,1,U50,HYDRO,Hydro,Hydro,50.0,-6.97,1.05,50.0,0,16,-10,0.0,0.0,50.0,0,0.0,0.0,0.0,0.0,0.0,0,0,0.01,1980,20,2.0,0.0,1.0,0.0,0.0,0.0,,3412.0,0.0,0.0,0.0,,0.0,0,0,0,0,0,0.0,0.0,0.0,0.0,0,3.5,53.0,0.1,0.28,0,0,PV,1.0,0.0,60.0,True,0.0,0,0.0,0.0
222_HYDRO_2,222,2,U50,HYDRO,Hydro,Hydro,50.0,-6.97,1.05,50.0,0,16,-10,0.0,0.0,50.0,0,0.0,0.0,0.0,0.0,0.0,0,0,0.01,1980,20,2.0,0.0,1.0,0.0,0.0,0.0,,3412.0,0.0,0.0,0.0,,0.0,0,0,0,0,0,0.0,0.0,0.0,0.0,0,3.5,53.0,0.1,0.28,0,0,PV,1.0,0.0,60.0,True,0.0,0,0.0,0.0
222_HYDRO_3,222,3,U50,HYDRO,Hydro,Hydro,50.0,-6.97,1.05,50.0,0,16,-10,0.0,0.0,50.0,0,0.0,0.0,0.0,0.0,0.0,0,0,0.01,1980,20,2.0,0.0,1.0,0.0,0.0,0.0,,3412.0,0.0,0.0,0.0,,0.0,0,0,0,0,0,0.0,0.0,0.0,0.0,0,3.5,53.0,0.1,0.28,0,0,PV,1.0,0.0,60.0,True,0.0,0,0.0,0.0
222_HYDRO_4,222,4,U50,HYDRO,Hydro,Hydro,50.0,-6.97,1.05,50.0,0,16,-10,0.0,0.0,50.0,0,0.0,0.0,0.0,0.0,0.0,0,0,0.01,1980,20,2.0,0.0,1.0,0.0,0.0,0.0,,3412.0,0.0,0.0,0.0,,0.0,0,0,0,0,0,0.0,0.0,0.0,0.0,0,3.5,53.0,0.1,0.28,0,0,PV,1.0,0.0,60.0,True,0.0,0,0.0,0.0
222_HYDRO_5,222,5,U50,HYDRO,Hydro,Hydro,50.0,-6.97,1.05,50.0,0,16,-10,0.0,0.0,50.0,0,0.0,0.0,0.0,0.0,0.0,0,0,0.01,1980,20,2.0,0.0,1.0,0.0,0.0,0.0,,3412.0,0.0,0.0,0.0,,0.0,0,0,0,0,0,0.0,0.0,0.0,0.0,0,3.5,53.0,0.1,0.28,0,0,PV,1.0,0.0,60.0,True,0.0,0,0.0,0.0
222_HYDRO_6,222,6,U50,HYDRO,Hydro,Hydro,50.0,-6.97,1.05,50.0,0,16,-10,0.0,0.0,50.0,0,0.0,0.0,0.0,0.0,0.0,0,0,0.01,1980,20,2.0,0.0,1.0,0.0,0.0,0.0,,3412.0,0.0,0.0,0.0,,0.0,0,0,0,0,0,0.0,0.0,0.0,0.0,0,3.5,53.0,0.1,0.28,0,0,PV,1.0,0.0,60.0,True,0.0,0,0.0,0.0
320_PV_1,320,1,PV,PV,Solar PV,Solar,0.0,0.0,1.0,51.6,0,0,0,0.0,0.0,51.6,0,0.0,0.0,0.0,0.0,0.0,0,0,0.0,0,0,0.0,0.0,0.0,0.0,0.0,0.0,,0.0,0.0,0.0,0.0,,0.0,0,0,0,0,0,0.0,0.0,0.0,0.0,0,0.0,51.6,0.0,0.0,0,0,PQ,1.0,0.0,1.0,False,0.0,0,0.0,0.0
320_RTPV_1,320,1,RTPV,RTPV,Solar RTPV,Solar,0.0,0.0,1.0,27.3,0,0,0,0.0,0.0,27.3,0,0.0,0.0,0.0,0.0,0.0,0,0,0.0,0,0,0.0,0.0,0.0,0.0,0.0,0.0,,0.0,0.0,0.0,0.0,,0.0,0,0,0,0,0,0.0,0.0,0.0,0.0,0,0.0,27.3,0.0,0.0,0,0,PQ,1.0,0.0,1.0,False,0.0,0,0.0,0.0
320_RTPV_2,320,2,RTPV,RTPV,Solar RTPV,Solar,0.0,0.0,1.0,27.0,0,0,0,0.0,0.0,27.0,0,0.0,0.0,0.0,0.0,0.0,0,0,0.0,0,0,0.0,0.0,0.0,0.0,0.0,0.0,,0.0,0.0,0.0,0.0,,0.0,0,0,0,0,0,0.0,0.0,0.0,0.0,0,0.0,27.0,0.0,0.0,0,0,PQ,1.0,0.0,1.0,False,0.0,0,0.0,0.0
320_RTPV_3,320,3,RTPV,RTPV,Solar RTPV,Solar,0.0,0.0,1.0,28.3,0,0,0,0.0,0.0,28.3,0,0.0,0.0,0.0,0.0,0.0,0,0,0.0,0,0,0.0,0.0,0.0,0.0,0.0,0.0,,0.0,0.0,0.0,0.0,,0.0,0,0,0,0,0,0.0,0.0,0.0,0.0,0,0.0,28.3,0.0,0.0,0,0,PQ,1.0,0.0,1.0,False,0.0,0,0.0,0.0
320_RTPV_4,320,4,RTPV,RTPV,Solar RTPV,Solar,0.0,0.0,1.0,27.0,0,0,0,0.0,0.0,27.0,0,0.0,0.0,0.0,0.0,0.0,0,0,0.0,0,0,0.0,0.0,0.0,0.0,0.0,0.0,,0.0,0.0,0.0,0.0,,0.0,0,0,0,0,0,0.0,0.0,0.0,0.0,0,0.0,27.0,0.0,0.0,0,0,PQ,1.0,0.0,1.0,False,0.0,0,0.0,0.0
320_RTPV_5,320,5,RTPV,RTPV,Solar RTPV,Solar,0.0,0.0,1.0,28.2,0,0,0,0.0,0.0,28.2,0,0.0,0.0,0.0,0.0,0.0,0,0,0.0,0,0,0.0,0.0,0.0,0.0,0.0,0.0,,0.0,0.0,0.0,0.0,,0.0,0,0,0,0,0,0.0,0.0,0.0,0.0,0,0.0,28.2,0.0,0.0,0,0,PQ,1.0,0.0,1.0,False,0.0,0,0.0,0.0
320_RTPV_6,320,6,RTPV,RTPV,Solar RTPV,Solar,0.0,0.0,1.0,9.4,0,0,0,0.0,0.0,9.4,0,0.0,0.0,0.0,0.0,0.0,0,0,0.0,0,0,0.0,0.0,0.0,0.0,0.0,0.0,,0.0,0.0,0.0,0.0,,0.0,0,0,0,0,0,0.0,0.0,0.0,0.0,0,0.0,9.4,0.0,0.0,0,0,PQ,1.0,0.0,1.0,False,0.0,0,0.0,0.0
314_PV_1,314,1,PV,PV,Solar PV,Solar,0.0,0.0,1.0,51.6,0,0,0,0.0,0.0,51.6,0,0.0,0.0,0.0,0.0,0.0,0,0,0.0,0,0,0.0,0.0,0.0,0.0,0.0,0.0,,0.0,0.0,0.0,0.0,,0.0,0,0,0,0,0,0.0,0.0,0.0,0.0,0,0.0,51.6,0.0,0.0,0,0,PV,1.0,0.0,1.0,False,0.0,0,0.0,0.0
314_PV_2,314,2,PV,PV,Solar PV,Solar,0.0,0.0,1.0,51.6,0,0,0,0.0,0.0,51.6,0,0.0,0.0,0.0,0.0,0.0,0,0,0.0,0,0,0.0,0.0,0.0,0.0,0.0,0.0,,0.0,0.0,0.0,0.0,,0.0,0,0,0,0,0,0.0,0.0,0.0,0.0,0,0.0,51.6,0.0,0.0,0,0,PV,1.0,0.0,1.0,False,0.0,0,0.0,0.0
314_PV_3,314,3,PV,PV,Solar PV,Solar,0.0,0.0,1.0,92.7,0,0,0,0.0,0.0,92.7,0,0.0,0.0,0.0,0.0,0.0,0,0,0.0,0,0,0.0,0.0,0.0,0.0,0.0,0.0,,0.0,0.0,0.0,0.0,,0.0,0,0,0,0,0,0.0,0.0,0.0,0.0,0,0.0,92.7,0.0,0.0,0,0,PV,1.0,0.0,1.0,False,0.0,0,0.0,0.0
314_PV_4,314,4,PV,PV,Solar PV,Solar,0.0,0.0,1.0,51.6,0,0,0,0.0,0.0,51.6,0,0.0,0.0,0.0,0.0,0.0,0,0,0.0,0,0,0.0,0.0,0.0,0.0,0.0,0.0,,0.0,0.0,0.0,0.0,,0.0,0,0,0,0,0,0.0,0.0,0.0,0.0,0,0.0,51.6,0.0,0.0,0,0,PV,1.0,0.0,1.0,False,0.0,0,0.0,0.0
310_PV_1,310,1,PV,PV,Solar PV,Solar,0.0,0.0,1.0,51.7,0,0,0,0.0,0.0,51.7,0,0.0,0.0,0.0,0.0,0.0,0,0,0.0,0,0,0.0,0.0,0.0,0.0,0.0,0.0,,0.0,0.0,0.0,0.0,,0.0,0,0,0,0,0,0.0,0.0,0.0,0.0,0,0.0,51.7,0.0,0.0,0,0,PQ,1.0,0.0,1.0,False,0.0,0,0.0,0.0
310_PV_2,310,2,PV,PV,Solar PV,Solar,0.0,0.0,1.0,51.6,0,0,0,0.0,0.0,51.6,0,0.0,0.0,0.0,0.0,0.0,0,0,0.0,0,0,0.0,0.0,0.0,0.0,0.0,0.0,,0.0,0.0,0.0,0.0,,0.0,0,0,0,0,0,0.0,0.0,0.0,0.0,0,0.0,51.6,0.0,0.0,0,0,PQ,1.0,0.0,1.0,False,0.0,0,0.0,0.0
324_PV_1,324,1,PV,PV,Solar PV,Solar,0.0,0.0,1.0,49.7,0,0,0,0.0,0.0,49.7,0,0.0,0.0,0.0,0.0,0.0,0,0,0.0,0,0,0.0,0.0,0.0,0.0,0.0,0.0,,0.0,0.0,0.0,0.0,,0.0,0,0,0,0,0,0.0,0.0,0.0,0.0,0,0.0,49.7,0.0,0.0,0,0,PQ,1.0,0.0,1.0,False,0.0,0,0.0,0.0
324_PV_2,324,2,PV,PV,Solar PV,Solar,0.0,0.0,1.0,51.6,0,0,0,0.0,0.0,51.6,0,0.0,0.0,0.0,0.0,0.0,0,0,0.0,0,0,0.0,0.0,0.0,0.0,0.0,0.0,,0.0,0.0,0.0,0.0,,0.0,0,0,0,0,0,0.0,0.0,0.0,0.0,0,0.0,51.6,0.0,0.0,0,0,PQ,1.0,0.0,1.0,False,0.0,0,0.0,0.0
324_PV_3,324,3,PV,PV,Solar PV,Solar,0.0,0.0,1.0,51.0,0,0,0,0.0,0.0,51.0,0,0.0,0.0,0.0,0.0,0.0,0,0,0.0,0,0,0.0,0.0,0.0,0.0,0.0,0.0,,0.0,0.0,0.0,0.0,,0.0,0,0,0,0,0,0.0,0.0,0.0,0.0,0,0.0,51.0,0.0,0.0,0,0,PQ,1.0,0.0,1.0,False,0.0,0,0.0,0.0
312_PV_1,312,1,PV,PV,Solar PV,Solar,0.0,0.0,1.0,94.1,0,0,0,0.0,0.0,94.1,0,0.0,0.0,0.0,0.0,0.0,0,0,0.0,0,0,0.0,0.0,0.0,0.0,0.0,0.0,,0.0,0.0,0.0,0.0,,0.0,0,0,0,0,0,0.0,0.0,0.0,0.0,0,0.0,94.1,0.0,0.0,0,0,PQ,1.0,0.0,1.0,False,0.0,0,0.0,0.0
319_PV_1,319,1,PV,PV,Solar PV,Solar,0.0,0.0,1.0,188.2,0,0,0,0.0,0.0,188.2,0,0.0,0.0,0.0,0.0,0.0,0,0,0.0,0,0,0.0,0.0,0.0,0.0,0.0,0.0,,0.0,0.0,0.0,0.0,,0.0,0,0,0,0,0,0.0,0.0,0.0,0.0,0,0.0,188.2,0.0,0.0,0,0,PQ,1.0,0.0,1.0,False,0.0,0,0.0,0.0
104_PV_1,104,1,PV,PV,Solar PV,Solar,0.0,0.0,1.0,26.8,0,0,0,0.0,0.0,26.8,0,0.0,0.0,0.0,0.0,0.0,0,0,0.0,0,0,0.0,0.0,0.0,0.0,0.0,0.0,,0.0,0.0,0.0,0.0,,0.0,0,0,0,0,0,0.0,0.0,0.0,0.0,0,0.0,26.8,0.0,0.0,0,0,PQ,1.0,0.0,1.0,False,0.0,0,0.0,0.0
103_PV_1,103,1,PV,PV,Solar PV,Solar,0.0,0.0,1.0,61.5,0,0,0,0.0,0.0,61.5,0,0.0,0.0,0.0,0.0,0.0,0,0,0.0,0,0,0.0,0.0,0.0,0.0,0.0,0.0,,0.0,0.0,0.0,0.0,,0.0,0,0,0,0,0,0.0,0.0,0.0,0.0,0,0.0,61.5,0.0,0.0,0,0,PQ,1.0,0.0,1.0,False,0.0,0,0.0,0.0
119_PV_1,119,1,PV,PV,Solar PV,Solar,0.0,0.0,1.0,66.6,0,0,0,0.0,0.0,66.6,0,0.0,0.0,0.0,0.0,0.0,0,0,0.0,0,0,0.0,0.0,0.0,0.0,0.0,0.0,,0.0,0.0,0.0,0.0,,0.0,0,0,0,0,0,0.0,0.0,0.0,0.0,0,0.0,66.6,0.0,0.0,0,0,PQ,1.0,0.0,1.0,False,0.0,0,0.0,0.0
308_RTPV_1,308,1,RTPV,RTPV,Solar RTPV,Solar,0.0,0.0,1.0,100.9,0,0,0,0.0,0.0,100.9,0,0.0,0.0,0.0,0.0,0.0,0,0,0.0,0,0,0.0,0.0,0.0,0.0,0.0,0.0,,0.0,0.0,0.0,0.0,,0.0,0,0,0,0,0,0.0,0.0,0.0,0.0,0,0.0,100.9,0.0,0.0,0,0,PQ,1.0,0.0,1.0,False,0.0,0,0.0,0.0
309_WIND_1,309,1,WIND,WIND,Wind,Wind,0.0,0.0,1.0,148.3,0,0,0,0.0,0.0,148.3,0,0.0,0.0,0.0,0.0,0.0,0,0,0.0,0,0,0.0,0.0,0.0,0.0,0.0,0.0,,0.0,0.0,0.0,0.0,,0.0,0,0,0,0,0,0.0,0.0,0.0,0.0,0,0.0,148.3,0.0,0.0,0,0,PQ,1.0,0.0,1.0,False,0.0,0,0.0,0.0
317_WIND_1,317,1,WIND,WIND,Wind,Wind,0.0,0.0,1.0,799.1,0,0,0,0.0,0.0,799.1,0,0.0,0.0,0.0,0.0,0.0,0,0,0.0,0,0,0.0,0.0,0.0,0.0,0.0,0.0,,0.0,0.0,0.0,0.0,,0.0,0,0,0,0,0,0.0,0.0,0.0,0.0,0,0.0,799.1,0.0,0.0,0,0,PQ,1.0,0.0,1.0,False,0.0,0,0.0,0.0
303_WIND_1,303,1,WIND,WIND,Wind,Wind,0.0,0.0,1.0,847.0,0,0,0,0.0,0.0,847.0,0,0.0,0.0,0.0,0.0,0.0,0,0,0.0,0,0,0.0,0.0,0.0,0.0,0.0,0.0,,0.0,0.0,0.0,0.0,,0.0,0,0,0,0,0,0.0,0.0,0.0,0.0,0,0.0,847.0,0.0,0.0,0,0,PQ,1.0,0.0,1.0,False,0.0,0,0.0,0.0
