,122_HYDRO_1,122_HYDRO_2,122_HYDRO_3,122_HYDRO_4,122_HYDRO_5,122_HYDRO_6,201_HYDRO_4,215_HYDRO_1,215_HYDRO_2,215_HYDRO_3,222_HYDRO_1,222_HYDRO_2,222_HYDRO_3,222_HYDRO_4,222_HYDRO_5,222_HYDRO_6,322_HYDRO_1,322_HYDRO_2,322_HYDRO_3,322_HYDRO_4,320_PV_1,314_PV_1,314_PV_2,313_PV_1,314_PV_3,314_PV_4,313_PV_2,310_PV_1,324_PV_1,312_PV_1,310_PV_2,324_PV_2,324_PV_3,113_PV_1,319_PV_1,215_PV_1,102_PV_1,101_PV_1,102_PV_2,104_PV_1,101_PV_2,101_PV_3,101_PV_4,103_PV_1,119_PV_1,308_RTPV_1,313_RTPV_1,313_RTPV_2,313_RTPV_3,313_RTPV_4,313_RTPV_5,313_RTPV_6,313_RTPV_7,313_RTPV_8,313_RTPV_9,313_RTPV_10,313_RTPV_11,313_RTPV_12,320_RTPV_1,320_RTPV_2,320_RTPV_3,313_RTPV_13,320_RTPV_4,320_RTPV_5,118_RTPV_1,118_RTPV_2,118_RTPV_3,118_RTPV_4,118_RTPV_5,118_RTPV_6,320_RTPV_6,118_RTPV_7,118_RTPV_8,118_RTPV_9,118_RTPV_10,213_RTPV_1,309_WIND_1,317_WIND_1,303_WIND_1,122_WIND_1
2020-01-01 00:00:00,0.08000362837027021,0.08000362837027021,0.08000362837027021,0.08000362837027021,0.08000362837027021,0.08000362837027021,0.17715089139131263,0.17715089139131263,0.17715089139131263,0.17715089139131263,0.17715089139131263,0.17715089139131263,0.17715089139131263,0.17715089139131263,0.17715089139131263,0.17715089139131263,0.3142999685974901,0.3142999685974901,0.3142999685974901,0.3142999685974901,0.0,0.0,0.0,0.0,0.0,0.0,0.0,0.0,0.0,0.0,0.0,0.0,0.0,0.0,0.0,0.0,0.0,0.0,0.0,0.0,0.0,0.0,0.0,0.0,0.0,0.0,0.0,0.0,0.0,0.0,0.0,0.0,0.0,0.0,0.0,0.0,0.0,0.0,0.0,0.0,0.0,0.0,0.0,0.0,0.0,0.0,0.0,0.0,0.0,0.0,0.0,0.0,0.0,0.0,0.0,0.0,0.9629130141604855,0.9949943686647479,0.5676505312868949,0.9995795374912404
2020-01-01 01:00:00,0.07238423519214923,0.07238423519214923,0.07238423519214923,0.07238423519214923,0.07238423519214923,0.07238423519214923,0.1809605879803731,0.1809605879803731,0.1809605879803731,0.1809605879803731,0.1809605879803731,0.1809605879803731,0.1809605879803731,0.1809605879803731,0.1809605879803731,0.1809605879803731,0.38668420378963936,0.38668420378963936,0.38668420378963936,0.38668420378963936,0.0,0.0,0.0,0.0,0.0,0.0,0.0,0.0,0.0,0.0,0.0,0.0,0.0,0.0,0.0,0.0,0.0,0.0,0.0,0.0,0.0,0.0,0.0,0.0,0.0,0.0,0.0,0.0,0.0,0.0,0.0,0.0,0.0,0.0,0.0,0.0,0.0,0.0,0.0,0.0,0.0,0.0,0.0,0.0,0.0,0.0,0.0,0.0,0.0,0.0,0.0,0.0,0.0,0.0,0.0,0.0,0.9379635873229938,0.9941183831810787,0.7495867768595041,0.9990189208128941
2020-01-01 02:00:00,0.07238423519214923,0.07238423519214923,0.07238423519214923,0.07238423519214923,0.07238423519214923,0.07238423519214923,0.17715089139131263,0.17715089139131263,0.17715089139131263,0.17715089139131263,0.17715089139131263,0.17715089139131263,0.17715089139131263,0.17715089139131263,0.17715089139131263,0.17715089139131263,0.22858179534362916,0.22858179534362916,0.22858179534362916,0.22858179534362916,0.0,0.0,0.0,0.0,0.0,0.0,0.0,0.0,0.0,0.0,0.0,0.0,0.0,0.0,0.0,0.0,0.0,0.0,0.0,0.0,0.0,0.0,0.0,0.0,0.0,0.0,0.0,0.0,0.0,0.0,0.0,0.0,0.0,0.0,0.0,0.0,0.0,0.0,0.0,0.0,0.0,0.0,0.0,0.0,0.0,0.0,0.0,0.0,0.0,0.0,0.0,0.0,0.0,0.0,0.0,0.0,0.9797707349966285,0.9680891002377675,0.5753246753246753,0.9928521373510861
2020-01-01 03:00:00,0.08000362837027021,0.08000362837027021,0.08000362837027021,0.08000362837027021,0.08000362837027021,0.08000362837027021,0.1809605879803731,0.1809605879803731,0.1809605879803731,0.1809605879803731,0.1809605879803731,0.1809605879803731,0.1809605879803731,0.1809605879803731,0.1809605879803731,0.1809605879803731,0.22667694704909894,0.22667694704909894,0.22667694704909894,0.22667694704909894,0.0,0.0,0.0,0.0,0.0,0.0,0.0,0.0,0.0,0.0,0.0,0.0,0.0,0.0,0.0,0.0,0.0,0.0,0.0,0.0,0.0,0.0,0.0,0.0,0.0,0.0,0.0,0.0,0.0,0.0,0.0,0.0,0.0,0.0,0.0,0.0,0.0,0.0,0.0,0.0,0.0,0.0,0.0,0.0,0.0,0.0,0.0,0.0,0.0,0.0,0.0,0.0,0.0,0.0,0.0,0.0,0.9763991908293999,0.9602052308847453,0.5108618654073199,0.9960756832515768
2020-01-01 04:00:00,0.07238423519214923,0.07238423519214923,0.07238423519214923,0.07238423519214923,0.07238423519214923,0.07238423519214923,0.17715089139131263,0.17715089139131263,0.17715089139131263,0.17715089139131263,0.17715089139131263,0.17715089139131263,0.17715089139131263,0.17715089139131263,0.17715089139131263,0.17715089139131263,0.2228672504600384,0.2228672504600384,0.2228672504600384,0.2228672504600384,0.0,0.0,0.0,0.0,0.0,0.0,0.0,0.0,0.0,0.0,0.0,0.0,0.0,0.0,0.0,0.0,0.0,0.0,0.0,0.0,0.0,0.0,0.0,0.0,0.0,0.0,0.0,0.0,0.0,0.0,0.0,0.0,0.0,0.0,0.0,0.0,0.0,0.0,0.0,0.0,0.0,0.0,0.0,0.0,0.0,0.0,0.0,0.0,0.0,0.0,0.0,0.0,0.0,0.0,0.0,0.0,0.9244774106540795,0.9413089725941685,0.481582054309327,0.983041345480028
2020-01-01 05:00:00,0.07238423519214923,0.07238423519214923,0.07238423519214923,0.07238423519214923,0.07238423519214923,0.07238423519214923,0.1733411948022521,0.1733411948022521,0.1733411948022521,0.1733411948022521,0.1733411948022521,0.1733411948022521,0.1733411948022521,0.1733411948022521,0.1733411948022521,0.1733411948022521,0.12952968402805654,0.12952968402805654,0.12952968402805654,0.12952968402805654,0.0,0.0,0.0,0.0,0.0,0.0,0.0,0.0,0.0,0.0,0.0,0.0,0.0,0.0,0.0,0.0,0.0,0.0,0.0,0.0,0.0,0.0,0.0,0.0,0.0,0.0,0.0,0.0,0.0,0.0,0.0,0.0,0.0,0.0,0.0,0.0,0.0,0.0,0.0,0.0,0.0,0.0,0.0,0.0,0.0,0.0,0.0,0.0,0.0,0.0,0.0,0.0,0.0,0.0,0.0,0.0,0.664868509777478,0.9002627956451007,0.5197166469893743,0.956552207428171
2020-01-01 06:00:00,0.08000362837027021,0.08000362837027021,0.08000362837027021,0.08000362837027021,0.08000362837027021,0.08000362837027021,0.1809605879803731,0.1809605879803731,0.1809605879803731,0.1809605879803731,0.1809605879803731,0.1809605879803731,0.1809605879803731,0.1809605879803731,0.1809605879803731,0.1809605879803731,0.14476847038429846,0.14476847038429846,0.14476847038429846,0.14476847038429846,0.0,0.0,0.0,0.0,0.0,0.0,0.0,0.0,0.0,0.0,0.0,0.0,0.0,0.0,0.0,0.0,0.0,0.0,0.0,0.0,0.0,0.0,0.0,0.0,0.0,0.0,0.0,0.0,0.0,0.0,0.0,0.0,0.0,0.0,0.0,0.0,0.0,0.0,0.0,0.0,0.0,0.0,0.0,0.0,0.0,0.0,0.0,0.0,0.0,0.0,0.0,0.0,0.0,0.0,0.0,0.0,0.4194200944032367,0.8200475534976848,0.4454545454545455,0.8615276804484934
2020-01-01 07:00:00,0.07238423519214923,0.07238423519214923,0.07238423519214923,0.07238423519214923,0.07238423519214923,0.07238423519214923,0.3600163276662159,0.3600163276662159,0.3600163276662159,0.3600163276662159,0.3600163276662159,0.3600163276662159,0.3600163276662159,0.3600163276662159,0.3600163276662159,0.3600163276662159,0.36573087254980663,0.36573087254980663,0.36573087254980663,0.36573087254980663,0.46317829457364335,0.45930232558139533,0.45155038759689925,0.3270241850683491,0.3441208198489752,0.44961240310077516,0.33333333333333337,0.36943907156673117,0.45070422535211263,0.27736450584484595,0.3701550387596899,0.3527131782945736,0.3568627450980392,0.5309829059829061,0.4760892667375133,0.5099920063948841,0.59765625,0.5714285714285715,0.5928853754940712,0.5559701492537313,0.5692883895131086,0.583969465648855,0.5581395348837209,0.24227642276422764,0.2042042042042042,0.13181367690782952,0.13176007866273354,0.15213946117274166,0.12385321100917429,0.1298507462686567,0.1419753086419753,0.1426332288401254,0.1497659906396256,0.13213213213213215,0.15384615384615385,0.1449925261584454,0.15337423312883436,0.15467625899280574,0.1575091575091575,0.15925925925925924,0.15901060070671377,0.16544117647058823,0.14814814814814814,0.1631205673758865,0.17204301075268816,0.16494845360824745,0.18085106382978722,0.17582417582417584,0.17582417582417584,0.15463917525773196,0.1702127659574468,0.15254237288135591,0.16964285714285715,0.1553398058252427,0.17777777777777778,0.17424242424242423,0.3189480782198246,0.7440870979852334,0.23530106257378985,0.7255781359495446
2020-01-01 08:00:00,0.07238423519214923,0.07238423519214923,0.07238423519214923,0.07238423519214923,0.07238423519214923,0.07238423519214923,0.35239693448809495,0.35239693448809495,0.35239693448809495,0.35239693448809495,0.35239693448809495,0.35239693448809495,0.35239693448809495,0.35239693448809495,0.35239693448809495,0.35239693448809495,0.2076284641037965,0.2076284641037965,0.2076284641037965,0.2076284641037965,0.5949612403100775,0.5930232558139535,0.6492248062015503,0.5026288117770767,0.5393743257820928,0.6492248062015503,0.5144694533762058,0.5938104448742746,0.6559356136820925,0.5175345377258237,0.5949612403100775,0.6143410852713178,0.6215686274509804,0.6741452991452992,0.6588735387885228,0.6578737010391686,0.7187499999999999,0.6718146718146718,0.7193675889328063,0.6529850746268656,0.6928838951310862,0.7137404580152672,0.686046511627907,0.47479674796747967,0.42492492492492495,0.35579781962338947,0.35398230088495575,0.3660855784469097,0.3333333333333333,0.3447761194029851,0.35185185185185186,0.36833855799373044,0.36973478939157567,0.3558558558558559,0.37820512820512825,0.35874439461883406,0.38650306748466257,0.3776978417266187,0.38827838827838823,0.3888888888888889,0.3710247349823321,0.3860294117647059,0.3666666666666667,0.3900709219858156,0.3978494623655914,0.3814432989690722,0.39361702127659576,0.40659340659340665,0.38461538461538464,0.3711340206185567,0.3829787234042553,0.34745762711864403,0.37500000000000006,0.3689320388349514,0.37777777777777777,0.3787878787878788,0.32973701955495616,0.7246902765611313,0.1305785123966942,0.5978976874562019
2020-01-01 09:00:00,0.07238423519214923,0.07238423519214923,0.07238423519214923,0.07238423519214923,0.07238423519214923,0.07238423519214923,0.35239693448809495,0.35239693448809495,0.35239693448809495,0.35239693448809495,0.35239693448809495,0.35239693448809495,0.35239693448809495,0.35239693448809495,0.35239693448809495,0.35239693448809495,0.6228853923113895,0.6228853923113895,0.6228853923113895,0.6228853923113895,0.6763565891472868,0.6686046511627907,0.6763565891472868,0.6140904311251315,0.656957928802589,0.6763565891472868,0.6302250803858521,0.6460348162475822,0.6841046277665995,0.6269925611052073,0.6472868217054263,0.6918604651162791,0.6980392156862746,0.7115384615384616,0.7263549415515409,0.6882494004796162,0.7421875,0.7027027027027027,0.7430830039525692,0.6828358208955224,0.7153558052434458,0.7404580152671756,0.693798449612403,0.6227642276422763,0.5615615615615616,0.5242814667988107,0.5211406096361848,0.537242472266244,0.49388379204892957,0.5104477611940299,0.5185185185185186,0.5188087774294672,0.5382215288611545,0.5120120120120121,0.5544871794871795,0.5201793721973094,0.5674846625766871,0.5575539568345323,0.5677655677655677,0.5740740740740741,0.5371024734982331,0.5551470588235294,0.5370370370370371,0.5673758865248227,0.5376344086021505,0.5154639175257733,0.5425531914893617,0.5604395604395604,0.5384615384615385,0.5154639175257733,0.5319148936170213,0.5084745762711864,0.5446428571428571,0.5339805825242718,0.5555555555555556,0.5303030303030303,0.20701281186783546,0.5841571768239269,0.004250295159386069,0.3843027330063069
2020-01-01 10:00:00,0.07238423519214923,0.07238423519214923,0.07238423519214923,0.07238423519214923,0.07238423519214923,0.07238423519214923,0.35620663107715544,0.35620663107715544,0.35620663107715544,0.35620663107715544,0.35620663107715544,0.35620663107715544,0.35620663107715544,0.35620663107715544,0.35620663107715544,0.35620663107715544,0.6705065996746457,0.6705065996746457,0.6705065996746457,0.6705065996746457,0.6821705426356589,0.6802325581395349,0.6996124031007752,0.6750788643533123,0.6957928802588996,0.6996124031007752,0.7009646302250805,0.6808510638297872,0.7062374245472837,0.7013815090329437,0.6802325581395349,0.6996124031007752,0.707843137254902,0.7168803418803419,0.7380446333687567,0.6922462030375699,0.7382812499999999,0.7027027027027027,0.7391304347826086,0.6828358208955224,0.7116104868913858,0.7366412213740459,0.7248062015503876,0.7300813008130081,0.6621621621621623,0.6392467789890981,0.6342182890855457,0.6354992076069731,0.6131498470948011,0.6000000000000001,0.6157407407407407,0.6081504702194357,0.6349453978159127,0.6321321321321323,0.6714743589743589,0.6143497757847534,0.6809815950920245,0.658273381294964,0.6703296703296704,0.6777777777777778,0.6360424028268551,0.6544117647058824,0.6333333333333334,0.6631205673758865,0.6451612903225806,0.6185567010309279,0.6382978723404255,0.6703296703296703,0.6373626373626373,0.6288659793814433,0.6276595744680851,0.5847457627118644,0.6428571428571429,0.6407766990291262,0.6666666666666666,0.6060606060606061,0.18476062036412674,0.3771743211112501,0.0028335301062573787,0.13034337771548704
2020-01-01 11:00:00,0.07238423519214923,0.07238423519214923,0.07238423519214923,0.07238423519214923,0.07238423519214923,0.07238423519214923,0.35239693448809495,0.35239693448809495,0.35239693448809495,0.35239693448809495,0.35239693448809495,0.35239693448809495,0.35239693448809495,0.35239693448809495,0.35239693448809495,0.35239693448809495,0.6762211445582362,0.6762211445582362,0.6762211445582362,0.6762211445582362,0.6511627906976745,0.6492248062015503,0.7015503875968992,0.7003154574132492,0.6936353829557712,0.7015503875968992,0.7191854233654876,0.6731141199226305,0.7062374245472837,0.718384697130712,0.6763565891472868,0.6841085271317828,0.692156862745098,0.7222222222222222,0.6992561105207227,0.6794564348521184,0.72265625,0.6756756756756757,0.7233201581027668,0.6604477611940298,0.6966292134831461,0.717557251908397,0.748062015503876,0.7967479674796748,0.6876876876876877,0.66402378592666,0.6597836774827924,0.6576862123613312,0.6590214067278287,0.6388059701492537,0.6404320987654322,0.6426332288401254,0.6661466458658347,0.6351351351351352,0.6891025641025641,0.6576980568011958,0.7147239263803681,0.7014388489208633,0.7142857142857143,0.7222222222222222,0.6749116607773852,0.6911764705882354,0.6777777777777778,0.6985815602836879,0.6774193548387096,0.6494845360824743,0.6808510638297872,0.7032967032967034,0.6813186813186813,0.6494845360824743,0.6702127659574467,0.6271186440677966,0.6875000000000001,0.6699029126213593,0.7111111111111111,0.6287878787878789,0.4106540795684423,0.1385308472031035,0.06635182998819363,0.008829712683952348
2020-01-01 12:00:00,0.07238423519214923,0.07238423519214923,0.07238423519214923,0.07238423519214923,0.07238423519214923,0.07238423519214923,0.35620663107715544,0.35620663107715544,0.35620663107715544,0.35620663107715544,0.35620663107715544,0.35620663107715544,0.35620663107715544,0.35620663107715544,0.35620663107715544,0.35620663107715544,0.6686017513801154,0.6686017513801154,0.6686017513801154,0.6686017513801154,0.6531007751937985,0.6511627906976745,0.6802325581395349,0.6771819137749738,0.6914778856526429,0.6802325581395349,0.6945337620578778,0.6537717601547388,0.6861167002012072,0.6960680127523912,0.6569767441860465,0.6531007751937985,0.6607843137254903,0.7104700854700855,0.7104144527098831,0.6754596322941647,0.70703125,0.6833976833976834,0.7075098814229248,0.664179104477612,0.6816479400749064,0.7061068702290076,0.7325581395348837,0.7642276422764228,0.6801801801801802,0.6481665014866205,0.6430678466076697,0.6656101426307448,0.6544342507645259,0.6223880597014926,0.6450617283950617,0.6379310344827587,0.6365054602184087,0.6246246246246246,0.6538461538461539,0.6367713004484304,0.691717791411043,0.6978417266187049,0.7106227106227105,0.7185185185185184,0.6713780918727915,0.7058823529411765,0.6555555555555556,0.7127659574468086,0.6666666666666666,0.6391752577319588,0.648936170212766,0.6923076923076923,0.6483516483516484,0.6391752577319588,0.6382978723404255,0.6101694915254237,0.6696428571428572,0.6504854368932038,0.6888888888888889,0.6060606060606061,0.13755900202292648,0.09873607808784883,0.10802833530106257,0.005325858444288717
2020-01-01 13:00:00,0.08000362837027021,0.08000362837027021,0.08000362837027021,0.08000362837027021,0.08000362837027021,0.08000362837027021,0.35620663107715544,0.35620663107715544,0.35620663107715544,0.35620663107715544,0.35620663107715544,0.35620663107715544,0.35620663107715544,0.35620663107715544,0.35620663107715544,0.35620663107715544,0.407637535029472,0.407637535029472,0.407637535029472,0.407637535029472,0.6492248062015503,0.6492248062015503,0.6550387596899224,0.6456361724500526,0.6450916936353829,0.6550387596899224,0.662379421221865,0.6479690522243713,0.6619718309859154,0.6663124335812965,0.6511627906976745,0.6317829457364341,0.6392156862745099,0.6762820512820513,0.687566418703507,0.6466826538768986,0.6875,0.6756756756756757,0.6877470355731224,0.6604477611940298,0.6629213483146067,0.683206106870229,0.693798449612403,0.6617886178861789,0.5945945945945946,0.5867195242814668,0.5821042281219273,0.5879556259904913,0.5764525993883792,0.5477611940298508,0.5694444444444444,0.5815047021943575,0.5897035881435257,0.5645645645645646,0.6041666666666667,0.5680119581464872,0.6165644171779141,0.6115107913669064,0.6227106227106227,0.6296296296296297,0.5901060070671378,0.6397058823529411,0.5851851851851853,0.6453900709219859,0.5806451612903226,0.5567010309278352,0.5957446808510638,0.6043956043956045,0.5934065934065935,0.5670103092783506,0.5851063829787234,0.559322033898305,0.5982142857142858,0.5728155339805825,0.6000000000000001,0.5530303030303031,0.01078894133513149,0.13502690526842698,0.12160566706021252,0.0015416958654519972
2020-01-01 14:00:00,0.08000362837027021,0.08000362837027021,0.08000362837027021,0.08000362837027021,0.08000362837027021,0.08000362837027021,0.35620663107715544,0.35620663107715544,0.35620663107715544,0.35620663107715544,0.35620663107715544,0.35620663107715544,0.35620663107715544,0.35620663107715544,0.35620663107715544,0.35620663107715544,0.32191936177561103,0.32191936177561103,0.32191936177561103,0.32191936177561103,0.5755813953488372,0.5755813953488372,0.622093023255814,0.5615141955835963,0.5771305285868392,0.622093023255814,0.5787781350482315,0.6073500967117987,0.6297786720321932,0.5823591923485654,0.6124031007751938,0.5852713178294573,0.5901960784313726,0.5886752136752137,0.6052072263549416,0.5723421262989609,0.60546875,0.5984555984555985,0.6086956521739131,0.585820895522388,0.5842696629213483,0.6030534351145038,0.6085271317829457,0.48292682926829267,0.442942942942943,0.4757185332011893,0.4709931170108161,0.4643423137876387,0.4434250764525994,0.43283582089552236,0.4490740740740741,0.45768025078369906,0.4602184087363495,0.4414414414414415,0.47275641025641024,0.43348281016442447,0.46319018404907975,0.460431654676259,0.46886446886446886,0.4740740740740741,0.4452296819787986,0.47794117647058826,0.4444444444444444,0.4787234042553192,0.4301075268817204,0.4123711340206186,0.45744680851063824,0.43956043956043955,0.4505494505494505,0.4123711340206186,0.44680851063829785,0.4406779661016949,0.47321428571428575,0.45631067961165045,0.48888888888888893,0.40151515151515155,0.0,0.027906394694030785,0.046871310507674145,0.0
2020-01-01 15:00:00,0.2514399748779921,0.2514399748779921,0.2514399748779921,0.2514399748779921,0.2514399748779921,0.2514399748779921,0.35620663107715544,0.35620663107715544,0.35620663107715544,0.35620663107715544,0.35620663107715544,0.35620663107715544,0.35620663107715544,0.35620663107715544,0.35620663107715544,0.35620663107715544,0.3695405691388671,0.3695405691388671,0.3695405691388671,0.3695405691388671,0.4205426356589147,0.4108527131782945,0.4476744186046512,0.3301787592008412,0.354908306364617,0.4476744186046512,0.3515541264737406,0.4235976789168278,0.45070422535211263,0.3666312433581297,0.436046511627907,0.4069767441860465,0.4117647058823529,0.3354700854700855,0.4027630180658874,0.328537170263789,0.39453124999999994,0.37065637065637064,0.3952569169960474,0.3843283582089552,0.3782771535580524,0.39312977099236646,0.3953488372093023,0.2065040650406504,0.20870870870870872,0.2299306243805748,0.22713864306784662,0.23454833597464342,0.2171253822629969,0.21641791044776118,0.22530864197530864,0.2304075235109718,0.21840873634945399,0.21171171171171171,0.22435897435897437,0.20328849028400595,0.24233128834355827,0.2266187050359712,0.23076923076923075,0.23333333333333334,0.20848056537102475,0.23161764705882354,0.2074074074074074,0.22340425531914893,0.2043010752688172,0.1958762886597938,0.20212765957446807,0.2087912087912088,0.21978021978021978,0.18556701030927836,0.20212765957446807,0.211864406779661,0.22321428571428573,0.22330097087378636,0.2222222222222222,0.15909090909090912,0.01753202966958867,0.030784632711800777,0.10354191263282173,0.0
2020-01-01 16:00:00,0.24191573340534087,0.24191573340534087,0.24191573340534087,0.24191573340534087,0.24191573340534087,0.24191573340534087,0.3600163276662159,0.3600163276662159,0.3600163276662159,0.3600163276662159,0.3600163276662159,0.3600163276662159,0.3600163276662159,0.3600163276662159,0.3600163276662159,0.3600163276662159,0.2876320924740667,0.2876320924740667,0.2876320924740667,0.2876320924740667,0.0,0.0,0.0,0.0,0.0,0.0,0.0,0.0,0.0,0.0,0.0,0.0,0.0,0.0,0.0,0.0,0.0,0.0,0.0,0.0,0.0,0.0,0.0,0.0,0.0,0.0,0.0,0.0,0.0,0.0,0.0,0.0,0.0,0.0,0.0,0.0,0.0,0.0,0.0,0.0,0.0,0.0,0.0,0.0,0.0,0.0,0.0,0.0,0.0,0.0,0.0,0.0,0.0,0.0,0.0,0.0,0.25556304787592715,0.013515204605180828,0.1089728453364817,0.0012613875262789068
2020-01-01 17:00:00,0.2514399748779921,0.2514399748779921,0.2514399748779921,0.2514399748779921,0.2514399748779921,0.2514399748779921,0.34096784472091346,0.34096784472091346,0.34096784472091346,0.34096784472091346,0.34096784472091346,0.34096784472091346,0.34096784472091346,0.34096784472091346,0.34096784472091346,0.34096784472091346,0.4495441975091374,0.4495441975091374,0.4495441975091374,0.4495441975091374,0.0,0.0,0.0,0.0,0.0,0.0,0.0,0.0,0.0,0.0,0.0,0.0,0.0,0.0,0.0,0.0,0.0,0.0,0.0,0.0,0.0,0.0,0.0,0.0,0.0,0.0,0.0,0.0,0.0,0.0,0.0,0.0,0.0,0.0,0.0,0.0,0.0,0.0,0.0,0.0,0.0,0.0,0.0,0.0,0.0,0.0,0.0,0.0,0.0,0.0,0.0,0.0,0.0,0.0,0.0,0.0,0.31625084288604177,0.30434238518333123,0.10554899645808738,0.3872459705676244
2020-01-01 18:00:00,0.17143634650772188,0.17143634650772188,0.17143634650772188,0.17143634650772188,0.17143634650772188,0.17143634650772188,0.17715089139131263,0.17715089139131263,0.17715089139131263,0.17715089139131263,0.17715089139131263,0.17715089139131263,0.17715089139131263,0.17715089139131263,0.17715089139131263,0.17715089139131263,0.6305047854895105,0.6305047854895105,0.6305047854895105,0.6305047854895105,0.0,0.0,0.0,0.0,0.0,0.0,0.0,0.0,0.0,0.0,0.0,0.0,0.0,0.0,0.0,0.0,0.0,0.0,0.0,0.0,0.0,0.0,0.0,0.0,0.0,0.0,0.0,0.0,0.0,0.0,0.0,0.0,0.0,0.0,0.0,0.0,0.0,0.0,0.0,0.0,0.0,0.0,0.0,0.0,0.0,0.0,0.0,0.0,0.0,0.0,0.0,0.0,0.0,0.0,0.0,0.0,0.16183412002697234,0.46952821924665245,0.10672963400236128,0.3824807288016818
2020-01-01 19:00:00,0.08000362837027021,0.08000362837027021,0.08000362837027021,0.08000362837027021,0.08000362837027021,0.08000362837027021,0.1809605879803731,0.1809605879803731,0.1809605879803731,0.1809605879803731,0.1809605879803731,0.1809605879803731,0.1809605879803731,0.1809605879803731,0.1809605879803731,0.1809605879803731,0.7314617450996133,0.7314617450996133,0.7314617450996133,0.7314617450996133,0.0,0.0,0.0,0.0,0.0,0.0,0.0,0.0,0.0,0.0,0.0,0.0,0.0,0.0,0.0,0.0,0.0,0.0,0.0,0.0,0.0,0.0,0.0,0.0,0.0,0.0,0.0,0.0,0.0,0.0,0.0,0.0,0.0,0.0,0.0,0.0,0.0,0.0,0.0,0.0,0.0,0.0,0.0,0.0,0.0,0.0,0.0,0.0,0.0,0.0,0.0,0.0,0.0,0.0,0.0,0.0,0.16183412002697234,0.7113002127393317,0.09574970484061393,0.4843728100911002
2020-01-01 20:00:00,0.07238423519214923,0.07238423519214923,0.07238423519214923,0.07238423519214923,0.07238423519214923,0.07238423519214923,0.17715089139131263,0.17715089139131263,0.17715089139131263,0.17715089139131263,0.17715089139131263,0.17715089139131263,0.17715089139131263,0.17715089139131263,0.17715089139131263,0.17715089139131263,0.7771781041683391,0.7771781041683391,0.7771781041683391,0.7771781041683391,0.0,0.0,0.0,0.0,0.0,0.0,0.0,0.0,0.0,0.0,0.0,0.0,0.0,0.0,0.0,0.0,0.0,0.0,0.0,0.0,0.0,0.0,0.0,0.0,0.0,0.0,0.0,0.0,0.0,0.0,0.0,0.0,0.0,0.0,0.0,0.0,0.0,0.0,0.0,0.0,0.0,0.0,0.0,0.0,0.0,0.0,0.0,0.0,0.0,0.0,0.0,0.0,0.0,0.0,0.0,0.0,0.18476062036412674,0.7960205230884745,0.20413223140495868,0.5770147161878065
2020-01-01 21:00:00,0.07238423519214923,0.07238423519214923,0.07238423519214923,0.07238423519214923,0.07238423519214923,0.07238423519214923,0.17715089139131263,0.17715089139131263,0.17715089139131263,0.17715089139131263,0.17715089139131263,0.17715089139131263,0.17715089139131263,0.17715089139131263,0.17715089139131263,0.17715089139131263,0.7124132621543109,0.7124132621543109,0.7124132621543109,0.7124132621543109,0.0,0.0,0.0,0.0,0.0,0.0,0.0,0.0,0.0,0.0,0.0,0.0,0.0,0.0,0.0,0.0,0.0,0.0,0.0,0.0,0.0,0.0,0.0,0.0,0.0,0.0,0.0,0.0,0.0,0.0,0.0,0.0,0.0,0.0,0.0,0.0,0.0,0.0,0.0,0.0,0.0,0.0,0.0,0.0,0.0,0.0,0.0,0.0,0.0,0.0,0.0,0.0,0.0,0.0,0.0,0.0,0.043830074173971674,0.9000125140783382,0.38595041322314044,0.5278206026629293
2020-01-01 22:00:00,0.07238423519214923,0.07238423519214923,0.07238423519214923,0.07238423519214923,0.07238423519214923,0.07238423519214923,0.1733411948022521,0.1733411948022521,0.1733411948022521,0.1733411948022521,0.1733411948022521,0.1733411948022521,0.1733411948022521,0.1733411948022521,0.1733411948022521,0.1733411948022521,0.7809878007573997,0.7809878007573997,0.7809878007573997,0.7809878007573997,0.0,0.0,0.0,0.0,0.0,0.0,0.0,0.0,0.0,0.0,0.0,0.0,0.0,0.0,0.0,0.0,0.0,0.0,0.0,0.0,0.0,0.0,0.0,0.0,0.0,0.0,0.0,0.0,0.0,0.0,0.0,0.0,0.0,0.0,0.0,0.0,0.0,0.0,0.0,0.0,0.0,0.0,0.0,0.0,0.0,0.0,0.0,0.0,0.0,0.0,0.0,0.0,0.0,0.0,0.0,0.0,0.008766014834794335,0.9196596170692029,0.3030696576151121,0.7866853538892782
2020-01-01 23:00:00,0.07238423519214923,0.07238423519214923,0.07238423519214923,0.07238423519214923,0.07238423519214923,0.07238423519214923,0.17715089139131263,0.17715089139131263,0.17715089139131263,0.17715089139131263,0.17715089139131263,0.17715089139131263,0.17715089139131263,0.17715089139131263,0.17715089139131263,0.17715089139131263,0.1904848294530243,0.1904848294530243,0.1904848294530243,0.1904848294530243,0.0,0.0,0.0,0.0,0.0,0.0,0.0,0.0,0.0,0.0,0.0,0.0,0.0,0.0,0.0,0.0,0.0,0.0,0.0,0.0,0.0,0.0,0.0,0.0,0.0,0.0,0.0,0.0,0.0,0.0,0.0,0.0,0.0,0.0,0.0,0.0,0.0,0.0,0.0,0.0,0.0,0.0,0.0,0.0,0.0,0.0,0.0,0.0,0.0,0.0,0.0,0.0,0.0,0.0,0.0,0.0,0.0006743088334457181,0.9124014516330873,0.1665879574970484,0.7966362999299229
2020-01-02 00:00:00,0.0533357522468468,0.0533357522468468,0.0533357522468468,0.0533357522468468,0.0533357522468468,0.0533357522468468,0.17715089139131263,0.17715089139131263,0.17715089139131263,0.17715089139131263,0.17715089139131263,0.17715089139131263,0.17715089139131263,0.17715089139131263,0.17715089139131263,0.17715089139131263,0.17905573968584285,0.17905573968584285,0.17905573968584285,0.17905573968584285,0.0,0.0,0.0,0.0,0.0,0.0,0.0,0.0,0.0,0.0,0.0,0.0,0.0,0.0,0.0,0.0,0.0,0.0,0.0,0.0,0.0,0.0,0.0,0.0,0.0,0.0,0.0,0.0,0.0,0.0,0.0,0.0,0.0,0.0,0.0,0.0,0.0,0.0,0.0,0.0,0.0,0.0,0.0,0.0,0.0,0.0,0.0,0.0,0.0,0.0,0.0,0.0,0.0,0.0,0.0,0.0,0.005394470667565745,0.9474408709798523,0.06210153482880756,0.8829712683952348
2020-01-02 01:00:00,0.0533357522468468,0.0533357522468468,0.0533357522468468,0.0533357522468468,0.0533357522468468,0.0533357522468468,0.17715089139131263,0.17715089139131263,0.17715089139131263,0.17715089139131263,0.17715089139131263,0.17715089139131263,0.17715089139131263,0.17715089139131263,0.17715089139131263,0.17715089139131263,0.5771690332426637,0.5771690332426637,0.5771690332426637,0.5771690332426637,0.0,0.0,0.0,0.0,0.0,0.0,0.0,0.0,0.0,0.0,0.0,0.0,0.0,0.0,0.0,0.0,0.0,0.0,0.0,0.0,0.0,0.0,0.0,0.0,0.0,0.0,0.0,0.0,0.0,0.0,0.0,0.0,0.0,0.0,0.0,0.0,0.0,0.0,0.0,0.0,0.0,0.0,0.0,0.0,0.0,0.0,0.0,0.0,0.0,0.0,0.0,0.0,0.0,0.0,0.0,0.0,0.01820633850303439,0.9428106619947441,0.020543093270365995,0.9422564821303433
2020-01-02 02:00:00,0.0533357522468468,0.0533357522468468,0.0533357522468468,0.0533357522468468,0.0533357522468468,0.0533357522468468,0.17715089139131263,0.17715089139131263,0.17715089139131263,0.17715089139131263,0.17715089139131263,0.17715089139131263,0.17715089139131263,0.17715089139131263,0.17715089139131263,0.17715089139131263,0.47621207363256074,0.47621207363256074,0.47621207363256074,0.47621207363256074,0.0,0.0,0.0,0.0,0.0,0.0,0.0,0.0,0.0,0.0,0.0,0.0,0.0,0.0,0.0,0.0,0.0,0.0,0.0,0.0,0.0,0.0,0.0,0.0,0.0,0.0,0.0,0.0,0.0,0.0,0.0,0.0,0.0,0.0,0.0,0.0,0.0,0.0,0.0,0.0,0.0,0.0,0.0,0.0,0.0,0.0,0.0,0.0,0.0,0.0,0.0,0.0,0.0,0.0,0.0,0.0,0.07687120701281186,0.918908772368915,0.010507674144037782,0.9268395234758233
2020-01-02 03:00:00,0.0533357522468468,0.0533357522468468,0.0533357522468468,0.0533357522468468,0.0533357522468468,0.0533357522468468,0.17715089139131263,0.17715089139131263,0.17715089139131263,0.17715089139131263,0.17715089139131263,0.17715089139131263,0.17715089139131263,0.17715089139131263,0.17715089139131263,0.17715089139131263,0.4400199560364862,0.4400199560364862,0.4400199560364862,0.4400199560364862,0.0,0.0,0.0,0.0,0.0,0.0,0.0,0.0,0.0,0.0,0.0,0.0,0.0,0.0,0.0,0.0,0.0,0.0,0.0,0.0,0.0,0.0,0.0,0.0,0.0,0.0,0.0,0.0,0.0,0.0,0.0,0.0,0.0,0.0,0.0,0.0,0.0,0.0,0.0,0.0,0.0,0.0,0.0,0.0,0.0,0.0,0.0,0.0,0.0,0.0,0.0,0.0,0.0,0.0,0.0,0.0,0.12339851652056641,0.9062695532474033,0.008264462809917356,0.9166082690960056
2020-01-02 04:00:00,0.0533357522468468,0.0533357522468468,0.0533357522468468,0.0533357522468468,0.0533357522468468,0.0533357522468468,0.17715089139131263,0.17715089139131263,0.17715089139131263,0.17715089139131263,0.17715089139131263,0.17715089139131263,0.17715089139131263,0.17715089139131263,0.17715089139131263,0.17715089139131263,0.43049571456383495,0.43049571456383495,0.43049571456383495,0.43049571456383495,0.0,0.0,0.0,0.0,0.0,0.0,0.0,0.0,0.0,0.0,0.0,0.0,0.0,0.0,0.0,0.0,0.0,0.0,0.0,0.0,0.0,0.0,0.0,0.0,0.0,0.0,0.0,0.0,0.0,0.0,0.0,0.0,0.0,0.0,0.0,0.0,0.0,0.0,0.0,0.0,0.0,0.0,0.0,0.0,0.0,0.0,0.0,0.0,0.0,0.0,0.0,0.0,0.0,0.0,0.0,0.0,0.15913688469318948,0.9081466649981229,0.01369539551357733,0.9171688857743517
2020-01-02 05:00:00,0.0533357522468468,0.0533357522468468,0.0533357522468468,0.0533357522468468,0.0533357522468468,0.0533357522468468,0.1809605879803731,0.1809605879803731,0.1809605879803731,0.1809605879803731,0.1809605879803731,0.1809605879803731,0.1809605879803731,0.1809605879803731,0.1809605879803731,0.1809605879803731,0.3333484515427925,0.3333484515427925,0.3333484515427925,0.3333484515427925,0.0,0.0,0.0,0.0,0.0,0.0,0.0,0.0,0.0,0.0,0.0,0.0,0.0,0.0,0.0,0.0,0.0,0.0,0.0,0.0,0.0,0.0,0.0,0.0,0.0,0.0,0.0,0.0,0.0,0.0,0.0,0.0,0.0,0.0,0.0,0.0,0.0,0.0,0.0,0.0,0.0,0.0,0.0,0.0,0.0,0.0,0.0,0.0,0.0,0.0,0.0,0.0,0.0,0.0,0.0,0.0,0.16587997302764665,0.9360530596921537,0.027508854781582055,0.9339873861247372
2020-01-02 06:00:00,0.06285999371949802,0.06285999371949802,0.06285999371949802,0.06285999371949802,0.06285999371949802,0.06285999371949802,0.34096784472091346,0.34096784472091346,0.34096784472091346,0.34096784472091346,0.34096784472091346,0.34096784472091346,0.34096784472091346,0.34096784472091346,0.34096784472091346,0.34096784472091346,0.21143816069285698,0.21143816069285698,0.21143816069285698,0.21143816069285698,0.0,0.0,0.0,0.0,0.0,0.0,0.0,0.0,0.0,0.0,0.0,0.0,0.0,0.0,0.0,0.0,0.0,0.0,0.0,0.0,0.0,0.0,0.0,0.0,0.0,0.0,0.0,0.0,0.0,0.0,0.0,0.0,0.0,0.0,0.0,0.0,0.0,0.0,0.0,0.0,0.0,0.0,0.0,0.0,0.0,0.0,0.0,0.0,0.0,0.0,0.0,0.0,0.0,0.0,0.0,0.0,0.06945380984490897,0.9564510073833061,0.01900826446280992,0.962438682550806
2020-01-02 07:00:00,0.04571635906872583,0.04571635906872583,0.04571635906872583,0.04571635906872583,0.04571635906872583,0.04571635906872583,0.35239693448809495,0.35239693448809495,0.35239693448809495,0.35239693448809495,0.35239693448809495,0.35239693448809495,0.35239693448809495,0.35239693448809495,0.35239693448809495,0.35239693448809495,0.43240056285836515,0.43240056285836515,0.43240056285836515,0.43240056285836515,0.45348837209302323,0.44961240310077516,0.44961240310077516,0.3280757097791798,0.34519956850053934,0.4476744186046512,0.33440514469453375,0.37137330754352027,0.448692152917505,0.2784272051009564,0.37209302325581395,0.3468992248062015,0.3509803921568627,0.5416666666666667,0.5095642933049948,0.504396482813749,0.5859375,0.5714285714285715,0.5810276679841897,0.5559701492537313,0.5580524344569289,0.5725190839694657,0.5813953488372093,0.24065040650406505,0.19969969969969972,0.1278493557978196,0.1288102261553589,0.14580031695721077,0.12232415902140671,0.12537313432835823,0.1358024691358025,0.13949843260188088,0.1466458658346334,0.12912912912912913,0.15064102564102566,0.1420029895366218,0.15184049079754602,0.1510791366906475,0.15384615384615385,0.15555555555555556,0.15547703180212016,0.15808823529411764,0.14814814814814814,0.15602836879432624,0.17204301075268816,0.16494845360824745,0.1702127659574468,0.16483516483516483,0.16483516483516483,0.15463917525773196,0.15957446808510636,0.15254237288135591,0.16071428571428573,0.1553398058252427,0.17777777777777778,0.17424242424242423,0.03776129467296021,0.9564510073833061,0.024203069657615112,0.966082690960056
2020-01-02 08:00:00,0.06285999371949802,0.06285999371949802,0.06285999371949802,0.06285999371949802,0.06285999371949802,0.06285999371949802,0.35620663107715544,0.35620663107715544,0.35620663107715544,0.35620663107715544,0.35620663107715544,0.35620663107715544,0.35620663107715544,0.35620663107715544,0.35620663107715544,0.35620663107715544,0.49716540487239347,0.49716540487239347,0.49716540487239347,0.49716540487239347,0.6124031007751938,0.6104651162790697,0.624031007751938,0.5184016824395373,0.5458468176914779,0.624031007751938,0.5305466237942122,0.6150870406189555,0.6297786720321932,0.5334750265674815,0.6162790697674418,0.5833333333333334,0.5901960784313726,0.6955128205128205,0.675345377258236,0.6290967226219025,0.7109374999999999,0.7027027027027027,0.7114624505928854,0.6865671641791045,0.6816479400749064,0.7061068702290076,0.7209302325581396,0.4845528455284553,0.42042042042042044,0.35678889990089196,0.35496558505408066,0.35974643423137875,0.33639143730886845,0.3358208955223881,0.345679012345679,0.35736677115987464,0.37285491419656785,0.3468468468468469,0.3830128205128205,0.35276532137518685,0.37883435582822084,0.3776978417266187,0.3846153846153846,0.3888888888888889,0.3710247349823321,0.37867647058823534,0.362962962962963,0.3829787234042554,0.3870967741935484,0.3711340206185567,0.39361702127659576,0.39560439560439564,0.38461538461538464,0.3711340206185567,0.3829787234042553,0.34745762711864403,0.37500000000000006,0.3689320388349514,0.37777777777777777,0.3787878787878788,0.02494942683749157,0.9577024152171192,0.04155844155844156,0.958374211632796
2020-01-02 09:00:00,0.04571635906872583,0.04571635906872583,0.04571635906872583,0.04571635906872583,0.04571635906872583,0.04571635906872583,0.35620663107715544,0.35620663107715544,0.35620663107715544,0.35620663107715544,0.35620663107715544,0.35620663107715544,0.35620663107715544,0.35620663107715544,0.35620663107715544,0.35620663107715544,0.5028799497559842,0.5028799497559842,0.5028799497559842,0.5028799497559842,0.6472868217054263,0.6453488372093023,0.693798449612403,0.6403785488958991,0.6731391585760518,0.693798449612403,0.6570203644158628,0.6750483558994197,0.7022132796780683,0.6578108395324124,0.6821705426356589,0.6550387596899224,0.6627450980392157,0.7286324786324787,0.7199787460148779,0.6738609112709832,0.7382812499999999,0.722007722007722,0.7391304347826086,0.7014925373134329,0.7116104868913858,0.732824427480916,0.748062015503876,0.6634146341463414,0.575075075075075,0.5292368681863231,0.5260570304818092,0.5293185419968304,0.5061162079510703,0.49402985074626865,0.5123456790123457,0.5344827586206897,0.5507020280811232,0.5210210210210211,0.5641025641025642,0.5127055306427503,0.5567484662576686,0.5611510791366906,0.575091575091575,0.5777777777777777,0.5406360424028269,0.5514705882352942,0.5296296296296297,0.5602836879432624,0.5483870967741935,0.5257731958762887,0.5638297872340425,0.5714285714285715,0.5604395604395604,0.5257731958762887,0.5425531914893617,0.5,0.5357142857142857,0.5145631067961165,0.5555555555555556,0.5303030303030303,0.005394470667565745,0.9779752221248905,0.03943329397874852,0.9791170287316048
2020-01-02 10:00:00,0.0533357522468468,0.0533357522468468,0.0533357522468468,0.0533357522468468,0.0533357522468468,0.0533357522468468,0.35620663107715544,0.35620663107715544,0.35620663107715544,0.35620663107715544,0.35620663107715544,0.35620663107715544,0.35620663107715544,0.35620663107715544,0.35620663107715544,0.35620663107715544,0.6095514542496778,0.6095514542496778,0.6095514542496778,0.6095514542496778,0.689922480620155,0.689922480620155,0.687984496124031,0.6866456361724501,0.7227615965480043,0.689922480620155,0.7084673097534834,0.6827852998065763,0.6961770623742455,0.7056323060573859,0.686046511627907,0.6627906976744187,0.6705882352941177,0.733974358974359,0.7167906482465463,0.701039168665068,0.7304687499999999,0.7142857142857143,0.7312252964426877,0.6977611940298507,0.704119850187266,0.7290076335877863,0.7403100775193798,0.7479674796747967,0.6606606606606608,0.6184340931615461,0.6145526057030481,0.624405705229794,0.602446483180428,0.6074626865671642,0.6080246913580247,0.6379310344827587,0.6567862714508581,0.6246246246246246,0.6746794871794872,0.6053811659192825,0.6549079754601227,0.6690647482014389,0.6813186813186813,0.688888888888889,0.6431095406360423,0.6617647058823529,0.6222222222222222,0.6702127659574467,0.6451612903225806,0.6185567010309279,0.6702127659574467,0.6593406593406593,0.6593406593406593,0.6288659793814433,0.648936170212766,0.5932203389830508,0.6339285714285714,0.6116504854368932,0.6444444444444444,0.5984848484848485,0.0,0.9833562758102865,0.02703659976387249,1.0
2020-01-02 11:00:00,0.0533357522468468,0.0533357522468468,0.0533357522468468,0.0533357522468468,0.0533357522468468,0.0533357522468468,0.3600163276662159,0.3600163276662159,0.3600163276662159,0.3600163276662159,0.3600163276662159,0.3600163276662159,0.3600163276662159,0.3600163276662159,0.3600163276662159,0.3600163276662159,0.744795683161325,0.744795683161325,0.744795683161325,0.744795683161325,0.689922480620155,0.687984496124031,0.6531007751937985,0.70136698212408,0.727076591154261,0.6531007751937985,0.7191854233654876,0.6750483558994197,0.6619718309859154,0.7205100956429331,0.6782945736434108,0.6744186046511628,0.6823529411764705,0.7286324786324787,0.7263549415515409,0.6986410871302958,0.7265625,0.6988416988416989,0.7272727272727272,0.6791044776119403,0.700374531835206,0.7251908396946565,0.7364341085271318,0.783739837398374,0.6906906906906908,0.6719524281466798,0.6666666666666666,0.6576862123613312,0.6376146788990825,0.6447761194029851,0.6419753086419754,0.6786833855799372,0.6942277691107644,0.6651651651651652,0.7115384615384616,0.6412556053811659,0.6947852760736195,0.7014388489208633,0.7142857142857143,0.7185185185185184,0.6749116607773852,0.7132352941176471,0.6592592592592593,0.7234042553191489,0.6774193548387096,0.6494845360824743,0.6914893617021276,0.6923076923076923,0.6923076923076923,0.6597938144329898,0.6808510638297872,0.6271186440677966,0.6696428571428572,0.6310679611650485,0.6888888888888889,0.6287878787878789,0.0,0.9719684645225879,0.03754427390791027,0.9955150665732305
2020-01-02 12:00:00,0.0533357522468468,0.0533357522468468,0.0533357522468468,0.0533357522468468,0.0533357522468468,0.0533357522468468,0.35239693448809495,0.35239693448809495,0.35239693448809495,0.35239693448809495,0.35239693448809495,0.35239693448809495,0.35239693448809495,0.35239693448809495,0.35239693448809495,0.35239693448809495,0.6400290269621617,0.6400290269621617,0.6400290269621617,0.6400290269621617,0.6763565891472868,0.6763565891472868,0.6414728682170543,0.6982124079915879,0.6968716289104637,0.6414728682170543,0.7181136120042872,0.6769825918762089,0.6498993963782695,0.7205100956429331,0.6782945736434108,0.6627906976744187,0.6705882352941177,0.7136752136752137,0.7008501594048885,0.683453237410072,0.71484375,0.6795366795366796,0.7154150197628459,0.664179104477612,0.6891385767790262,0.7137404580152672,0.7209302325581396,0.7544715447154471,0.6621621621621623,0.6442021803766105,0.63913470993117,0.6608557844690967,0.6223241590214067,0.6298507462686568,0.6419753086419754,0.6551724137931034,0.6755070202808112,0.6426426426426427,0.6939102564102564,0.6263079222720478,0.6779141104294478,0.6798561151079136,0.6923076923076923,0.7,0.6537102473498233,0.7022058823529412,0.6407407407407407,0.7092198581560284,0.6559139784946235,0.6185567010309279,0.6808510638297872,0.6703296703296703,0.6813186813186813,0.6288659793814433,0.6702127659574467,0.6186440677966101,0.6607142857142858,0.6504854368932038,0.6888888888888889,0.6287878787878789,0.0,0.941934676511075,0.09397874852420306,0.9841625788367204
2020-01-02 13:00:00,0.0533357522468468,0.0533357522468468,0.0533357522468468,0.0533357522468468,0.0533357522468468,0.0533357522468468,0.3600163276662159,0.3600163276662159,0.3600163276662159,0.3600163276662159,0.3600163276662159,0.3600163276662159,0.3600163276662159,0.3600163276662159,0.3600163276662159,0.3600163276662159,0.5828835781262544,0.5828835781262544,0.5828835781262544,0.5828835781262544,0.6511627906976745,0.6511627906976745,0.6259689922480619,0.6498422712933754,0.6494066882416397,0.6259689922480619,0.6677384780278671,0.6537717601547388,0.6338028169014084,0.6726886291179597,0.6569767441860465,0.627906976744186,0.6352941176470588,0.6880341880341881,0.6849096705632307,0.6490807354116707,0.6875,0.6525096525096525,0.6877470355731224,0.6380597014925373,0.6629213483146067,0.6870229007633588,0.693798449612403,0.6601626016260163,0.5855855855855856,0.574826560951437,0.5693215339233038,0.5800316957210777,0.5581039755351681,0.5611940298507463,0.5617283950617284,0.5909090909090909,0.6068642745709829,0.5780780780780781,0.6233974358974359,0.5590433482810164,0.6058282208588956,0.60431654676259,0.6153846153846154,0.6222222222222222,0.5830388692579506,0.6213235294117647,0.5703703703703704,0.6276595744680851,0.5698924731182795,0.5463917525773196,0.5957446808510638,0.5934065934065935,0.5934065934065935,0.5567010309278352,0.5851063829787234,0.559322033898305,0.5982142857142858,0.5825242718446602,0.6222222222222222,0.5454545454545455,0.0,0.8951320235264671,0.09775678866587957,0.9799579537491241
2020-01-02 14:00:00,0.0533357522468468,0.0533357522468468,0.0533357522468468,0.0533357522468468,0.0533357522468468,0.0533357522468468,0.18477028456943356,0.18477028456943356,0.18477028456943356,0.18477028456943356,0.18477028456943356,0.18477028456943356,0.18477028456943356,0.18477028456943356,0.18477028456943356,0.18477028456943356,0.5657399434754822,0.5657399434754822,0.5657399434754822,0.5657399434754822,0.5775193798449613,0.5775193798449613,0.5891472868217054,0.5541535226077814,0.5512405609492989,0.5872093023255814,0.5712754555198285,0.5996131528046421,0.5955734406438632,0.5791710945802339,0.6085271317829457,0.562015503875969,0.5686274509803921,0.607905982905983,0.6275239107332625,0.5755395683453237,0.6132812499999999,0.6061776061776062,0.6126482213438735,0.5932835820895522,0.5917602996254682,0.6106870229007634,0.624031007751938,0.49105691056910566,0.445945945945946,0.44202180376610506,0.4375614552605703,0.4500792393026941,0.4342507645259938,0.42238805970149257,0.4382716049382716,0.4435736677115988,0.4695787831513261,0.42942942942942947,0.4807692307692308,0.4245142002989536,0.45705521472392635,0.460431654676259,0.46520146520146516,0.4703703703703703,0.4416961130742049,0.474264705882353,0.4333333333333333,0.4787234042553192,0.4301075268817204,0.4123711340206186,0.45744680851063824,0.4505494505494505,0.4505494505494505,0.4123711340206186,0.44680851063829785,0.43220338983050843,0.46428571428571436,0.44660194174757273,0.4666666666666667,0.393939393939394,0.0,0.9135277186835189,0.05785123966942149,0.9627189908899789
2020-01-02 15:00:00,0.06285999371949802,0.06285999371949802,0.06285999371949802,0.06285999371949802,0.06285999371949802,0.06285999371949802,0.17715089139131263,0.17715089139131263,0.17715089139131263,0.17715089139131263,0.17715089139131263,0.17715089139131263,0.17715089139131263,0.17715089139131263,0.17715089139131263,0.17715089139131263,0.5657399434754822,0.5657399434754822,0.5657399434754822,0.5657399434754822,0.41666666666666663,0.4069767441860465,0.43023255813953487,0.3270241850683491,0.3495145631067961,0.43023255813953487,0.3472668810289389,0.41586073500967113,0.4104627766599597,0.35600425079702447,0.4224806201550388,0.4147286821705426,0.41960784313725485,0.3418803418803419,0.4048884165781084,0.33253397282174263,0.390625,0.3745173745173745,0.391304347826087,0.3843283582089552,0.3782771535580524,0.3893129770992366,0.39922480620155043,0.2097560975609756,0.21021021021021022,0.22299306243805747,0.22123893805309733,0.23454833597464342,0.21559633027522934,0.21343283582089553,0.22376543209876545,0.2272727272727273,0.2386895475819033,0.20870870870870872,0.2451923076923077,0.22571001494768309,0.24386503067484663,0.2266187050359712,0.23076923076923075,0.23333333333333334,0.20848056537102475,0.23161764705882354,0.2074074074074074,0.22340425531914893,0.2043010752688172,0.1958762886597938,0.2127659574468085,0.2087912087912088,0.21978021978021978,0.18556701030927836,0.2127659574468085,0.211864406779661,0.22321428571428573,0.21359223300970875,0.2222222222222222,0.15909090909090912,0.0,0.9154048304342385,0.1167650531286895,0.9746320953048353
2020-01-02 16:00:00,0.06285999371949802,0.06285999371949802,0.06285999371949802,0.06285999371949802,0.06285999371949802,0.06285999371949802,0.1809605879803731,0.1809605879803731,0.1809605879803731,0.1809605879803731,0.1809605879803731,0.1809605879803731,0.1809605879803731,0.1809605879803731,0.1809605879803731,0.1809605879803731,0.5924078195989056,0.5924078195989056,0.5924078195989056,0.5924078195989056,0.0,0.0,0.0,0.0,0.0,0.0,0.0,0.0,0.0,0.0,0.0,0.0,0.0,0.0,0.0,0.0,0.0,0.0,0.0,0.0,0.0,0.0,0.0,0.0,0.0,0.0,0.0,0.0,0.0,0.0,0.0,0.0,0.0,0.0,0.0,0.0,0.0,0.0,0.0,0.0,0.0,0.0,0.0,0.0,0.0,0.0,0.0,0.0,0.0,0.0,0.0,0.0,0.0,0.0,0.0,0.0,0.004045853000674308,0.9356776373420098,0.2592680047225502,0.9983181499649614
2020-01-02 17:00:00,0.06285999371949802,0.06285999371949802,0.06285999371949802,0.06285999371949802,0.06285999371949802,0.06285999371949802,0.17715089139131263,0.17715089139131263,0.17715089139131263,0.17715089139131263,0.17715089139131263,0.17715089139131263,0.17715089139131263,0.17715089139131263,0.17715089139131263,0.17715089139131263,0.6171708474277987,0.6171708474277987,0.6171708474277987,0.6171708474277987,0.0,0.0,0.0,0.0,0.0,0.0,0.0,0.0,0.0,0.0,0.0,0.0,0.0,0.0,0.0,0.0,0.0,0.0,0.0,0.0,0.0,0.0,0.0,0.0,0.0,0.0,0.0,0.0,0.0,0.0,0.0,0.0,0.0,0.0,0.0,0.0,0.0,0.0,0.0,0.0,0.0,0.0,0.0,0.0,0.0,0.0,0.0,0.0,0.0,0.0,0.0,0.0,0.0,0.0,0.0,0.0,0.009440323668240052,0.9446877737454636,0.1050767414403778,0.998458304134548
2020-01-02 18:00:00,0.07238423519214923,0.07238423519214923,0.07238423519214923,0.07238423519214923,0.07238423519214923,0.07238423519214923,0.17715089139131263,0.17715089139131263,0.17715089139131263,0.17715089139131263,0.17715089139131263,0.17715089139131263,0.17715089139131263,0.17715089139131263,0.17715089139131263,0.17715089139131263,0.6076466059551475,0.6076466059551475,0.6076466059551475,0.6076466059551475,0.0,0.0,0.0,0.0,0.0,0.0,0.0,0.0,0.0,0.0,0.0,0.0,0.0,0.0,0.0,0.0,0.0,0.0,0.0,0.0,0.0,0.0,0.0,0.0,0.0,0.0,0.0,0.0,0.0,0.0,0.0,0.0,0.0,0.0,0.0,0.0,0.0,0.0,0.0,0.0,0.0,0.0,0.0,0.0,0.0,0.0,0.0,0.0,0.0,0.0,0.0,0.0,0.0,0.0,0.0,0.0,0.1672285906945381,0.9660868477036666,0.05608028335301062,0.998177995795375
2020-01-02 19:00:00,0.07238423519214923,0.07238423519214923,0.07238423519214923,0.07238423519214923,0.07238423519214923,0.07238423519214923,0.17715089139131263,0.17715089139131263,0.17715089139131263,0.17715089139131263,0.17715089139131263,0.17715089139131263,0.17715089139131263,0.17715089139131263,0.17715089139131263,0.17715089139131263,0.6609823582019944,0.6609823582019944,0.6609823582019944,0.6609823582019944,0.0,0.0,0.0,0.0,0.0,0.0,0.0,0.0,0.0,0.0,0.0,0.0,0.0,0.0,0.0,0.0,0.0,0.0,0.0,0.0,0.0,0.0,0.0,0.0,0.0,0.0,0.0,0.0,0.0,0.0,0.0,0.0,0.0,0.0,0.0,0.0,0.0,0.0,0.0,0.0,0.0,0.0,0.0,0.0,0.0,0.0,0.0,0.0,0.0,0.0,0.0,0.0,0.0,0.0,0.0,0.0,0.17060013486176667,0.9759729695907896,0.0,0.9967764540995095
2020-01-02 20:00:00,0.08000362837027021,0.08000362837027021,0.08000362837027021,0.08000362837027021,0.08000362837027021,0.08000362837027021,0.17715089139131263,0.17715089139131263,0.17715089139131263,0.17715089139131263,0.17715089139131263,0.17715089139131263,0.17715089139131263,0.17715089139131263,0.17715089139131263,0.17715089139131263,0.6247902406059197,0.6247902406059197,0.6247902406059197,0.6247902406059197,0.0,0.0,0.0,0.0,0.0,0.0,0.0,0.0,0.0,0.0,0.0,0.0,0.0,0.0,0.0,0.0,0.0,0.0,0.0,0.0,0.0,0.0,0.0,0.0,0.0,0.0,0.0,0.0,0.0,0.0,0.0,0.0,0.0,0.0,0.0,0.0,0.0,0.0,0.0,0.0,0.0,0.0,0.0,0.0,0.0,0.0,0.0,0.0,0.0,0.0,0.0,0.0,0.0,0.0,0.0,0.0,0.08900876601483479,0.935802778125391,0.0034238488783943327,0.9977575332866152
2020-01-02 21:00:00,0.08952786984292142,0.08952786984292142,0.08952786984292142,0.08952786984292142,0.08952786984292142,0.08952786984292142,0.17715089139131263,0.17715089139131263,0.17715089139131263,0.17715089139131263,0.17715089139131263,0.17715089139131263,0.17715089139131263,0.17715089139131263,0.17715089139131263,0.17715089139131263,0.5543108537083008,0.5543108537083008,0.5543108537083008,0.5543108537083008,0.0,0.0,0.0,0.0,0.0,0.0,0.0,0.0,0.0,0.0,0.0,0.0,0.0,0.0,0.0,0.0,0.0,0.0,0.0,0.0,0.0,0.0,0.0,0.0,0.0,0.0,0.0,0.0,0.0,0.0,0.0,0.0,0.0,0.0,0.0,0.0,0.0,0.0,0.0,0.0,0.0,0.0,0.0,0.0,0.0,0.0,0.0,0.0,0.0,0.0,0.0,0.0,0.0,0.0,0.0,0.0,0.06743088334457181,0.9375547490927294,0.20684769775678866,0.9764540995094605
2020-01-02 22:00:00,0.08952786984292142,0.08952786984292142,0.08952786984292142,0.08952786984292142,0.08952786984292142,0.08952786984292142,0.17715089139131263,0.17715089139131263,0.17715089139131263,0.17715089139131263,0.17715089139131263,0.17715089139131263,0.17715089139131263,0.17715089139131263,0.17715089139131263,0.17715089139131263,0.7676538626956879,0.7676538626956879,0.7676538626956879,0.7676538626956879,0.0,0.0,0.0,0.0,0.0,0.0,0.0,0.0,0.0,0.0,0.0,0.0,0.0,0.0,0.0,0.0,0.0,0.0,0.0,0.0,0.0,0.0,0.0,0.0,0.0,0.0,0.0,0.0,0.0,0.0,0.0,0.0,0.0,0.0,0.0,0.0,0.0,0.0,0.0,0.0,0.0,0.0,0.0,0.0,0.0,0.0,0.0,0.0,0.0,0.0,0.0,0.0,0.0,0.0,0.0,0.0,0.24072825354012137,0.9842322612939557,0.3933884297520661,0.9666433076384023
2020-01-02 23:00:00,0.08952786984292142,0.08952786984292142,0.08952786984292142,0.08952786984292142,0.08952786984292142,0.08952786984292142,0.1733411948022521,0.1733411948022521,0.1733411948022521,0.1733411948022521,0.1733411948022521,0.1733411948022521,0.1733411948022521,0.1733411948022521,0.1733411948022521,0.1733411948022521,0.37906481061151837,0.37906481061151837,0.37906481061151837,0.37906481061151837,0.0,0.0,0.0,0.0,0.0,0.0,0.0,0.0,0.0,0.0,0.0,0.0,0.0,0.0,0.0,0.0,0.0,0.0,0.0,0.0,0.0,0.0,0.0,0.0,0.0,0.0,0.0,0.0,0.0,0.0,0.0,0.0,0.0,0.0,0.0,0.0,0.0,0.0,0.0,0.0,0.0,0.0,0.0,0.0,0.0,0.0,0.0,0.0,0.0,0.0,0.0,0.0,0.0,0.0,0.0,0.0,0.34861766689143625,0.98848704792892,0.4049586776859504,0.9342676944639103
