,122_HYDRO_1,122_HYDRO_2,122_HYDRO_3,122_HYDRO_4,122_HYDRO_5,122_HYDRO_6,201_HYDRO_4,215_HYDRO_1,215_HYDRO_2,215_HYDRO_3,222_HYDRO_1,222_HYDRO_2,222_HYDRO_3,222_HYDRO_4,222_HYDRO_5,222_HYDRO_6,322_HYDRO_1,322_HYDRO_2,322_HYDRO_3,322_HYDRO_4,308_RTPV_1,313_RTPV_1,313_RTPV_2,313_RTPV_3,313_RTPV_4,313_RTPV_5,313_RTPV_6,313_RTPV_7,313_RTPV_8,313_RTPV_9,313_RTPV_10,313_RTPV_11,313_RTPV_12,320_RTPV_1,320_RTPV_2,320_RTPV_3,313_RTPV_13,320_RTPV_4,320_RTPV_5,118_RTPV_1,118_RTPV_2,118_RTPV_3,118_RTPV_4,118_RTPV_5,118_RTPV_6,320_RTPV_6,118_RTPV_7,118_RTPV_8,118_RTPV_9,118_RTPV_10,213_RTPV_1
2020-01-01 00:00:00,0.08000362837027021,0.08000362837027021,0.08000362837027021,0.08000362837027021,0.08000362837027021,0.08000362837027021,0.17715089139131263,0.17715089139131263,0.17715089139131263,0.17715089139131263,0.17715089139131263,0.17715089139131263,0.17715089139131263,0.17715089139131263,0.17715089139131263,0.17715089139131263,0.3142999685974901,0.3142999685974901,0.3142999685974901,0.3142999685974901,0.0,0.0,0.0,0.0,0.0,0.0,0.0,0.0,0.0,0.0,0.0,0.0,0.0,0.0,0.0,0.0,0.0,0.0,0.0,0.0,0.0,0.0,0.0,0.0,0.0,0.0,0.0,0.0,0.0,0.0,0.0
2020-01-01 01:00:00,0.07238423519214923,0.07238423519214923,0.07238423519214923,0.07238423519214923,0.07238423519214923,0.07238423519214923,0.1809605879803731,0.1809605879803731,0.1809605879803731,0.1809605879803731,0.1809605879803731,0.1809605879803731,0.1809605879803731,0.1809605879803731,0.1809605879803731,0.1809605879803731,0.38668420378963936,0.38668420378963936,0.38668420378963936,0.38668420378963936,0.0,0.0,0.0,0.0,0.0,0.0,0.0,0.0,0.0,0.0,0.0,0.0,0.0,0.0,0.0,0.0,0.0,0.0,0.0,0.0,0.0,0.0,0.0,0.0,0.0,0.0,0.0,0.0,0.0,0.0,0.0
2020-01-01 02:00:00,0.07238423519214923,0.07238423519214923,0.07238423519214923,0.07238423519214923,0.07238423519214923,0.07238423519214923,0.17715089139131263,0.17715089139131263,0.17715089139131263,0.17715089139131263,0.17715089139131263,0.17715089139131263,0.17715089139131263,0.17715089139131263,0.17715089139131263,0.17715089139131263,0.22858179534362916,0.22858179534362916,0.22858179534362916,0.22858179534362916,0.0,0.0,0.0,0.0,0.0,0.0,0.0,0.0,0.0,0.0,0.0,0.0,0.0,0.0,0.0,0.0,0.0,0.0,0.0,0.0,0.0,0.0,0.0,0.0,0.0,0.0,0.0,0.0,0.0,0.0,0.0
2020-01-01 03:00:00,0.08000362837027021,0.08000362837027021,0.08000362837027021,0.08000362837027021,0.08000362837027021,0.08000362837027021,0.1809605879803731,0.1809605879803731,0.1809605879803731,0.1809605879803731,0.1809605879803731,0.1809605879803731,0.1809605879803731,0.1809605879803731,0.1809605879803731,0.1809605879803731,0.22667694704909894,0.22667694704909894,0.22667694704909894,0.22667694704909894,0.0,0.0,0.0,0.0,0.0,0.0,0.0,0.0,0.0,0.0,0.0,0.0,0.0,0.0,0.0,0.0,0.0,0.0,0.0,0.0,0.0,0.0,0.0,0.0,0.0,0.0,0.0,0.0,0.0,0.0,0.0
2020-01-01 04:00:00,0.07238423519214923,0.07238423519214923,0.07238423519214923,0.07238423519214923,0.07238423519214923,0.07238423519214923,0.17715089139131263,0.17715089139131263,0.17715089139131263,0.17715089139131263,0.17715089139131263,0.17715089139131263,0.17715089139131263,0.17715089139131263,0.17715089139131263,0.17715089139131263,0.2228672504600384,0.2228672504600384,0.2228672504600384,0.2228672504600384,0.0,0.0,0.0,0.0,0.0,0.0,0.0,0.0,0.0,0.0,0.0,0.0,0.0,0.0,0.0,0.0,0.0,0.0,0.0,0.0,0.0,0.0,0.0,0.0,0.0,0.0,0.0,0.0,0.0,0.0,0.0
2020-01-01 05:00:00,0.07238423519214923,0.07238423519214923,0.07238423519214923,0.07238423519214923,0.07238423519214923,0.07238423519214923,0.1733411948022521,0.1733411948022521,0.1733411948022521,0.1733411948022521,0.1733411948022521,0.1733411948022521,0.1733411948022521,0.1733411948022521,0.1733411948022521,0.1733411948022521,0.12952968402805654,0.12952968402805654,0.12952968402805654,0.12952968402805654,0.0,0.0,0.0,0.0,0.0,0.0,0.0,0.0,0.0,0.0,0.0,0.0,0.0,0.0,0.0,0.0,0.0,0.0,0.0,0.0,0.0,0.0,0.0,0.0,0.0,0.0,0.0,0.0,0.0,0.0,0.0
2020-01-01 06:00:00,0.08000362837027021,0.08000362837027021,0.08000362837027021,0.08000362837027021,0.08000362837027021,0.08000362837027021,0.1809605879803731,0.1809605879803731,0.1809605879803731,0.1809605879803731,0.1809605879803731,0.1809605879803731,0.1809605879803731,0.1809605879803731,0.1809605879803731,0.1809605879803731,0.14476847038429846,0.14476847038429846,0.14476847038429846,0.14476847038429846,0.0,0.0,0.0,0.0,0.0,0.0,0.0,0.0,0.0,0.0,0.0,0.0,0.0,0.0,0.0,0.0,0.0,0.0,0.0,0.0,0.0,0.0,0.0,0.0,0.0,0.0,0.0,0.0,0.0,0.0,0.0
2020-01-01 07:00:00,0.07238423519214923,0.07238423519214923,0.07238423519214923,0.07238423519214923,0.07238423519214923,0.07238423519214923,0.3600163276662159,0.3600163276662159,0.3600163276662159,0.3600163276662159,0.3600163276662159,0.3600163276662159,0.3600163276662159,0.3600163276662159,0.3600163276662159,0.3600163276662159,0.36573087254980663,0.36573087254980663,0.36573087254980663,0.36573087254980663,0.13181367690782952,0.13176007866273354,0.15213946117274166,0.12385321100917429,0.1298507462686567,0.1419753086419753,0.1426332288401254,0.1497659906396256,0.13213213213213215,0.15384615384615385,0.1449925261584454,0.15337423312883436,0.15467625899280574,0.1575091575091575,0.15925925925925924,0.15901060070671377,0.16544117647058823,0.14814814814814814,0.1631205673758865,0.17204301075268816,0.16494845360824745,0.18085106382978722,0.17582417582417584,0.17582417582417584,0.15463917525773196,0.1702127659574468,0.15254237288135591,0.16964285714285715,0.1553398058252427,0.17777777777777778,0.17424242424242423
2020-01-01 08:00:00,0.07238423519214923,0.07238423519214923,0.07238423519214923,0.07238423519214923,0.07238423519214923,0.07238423519214923,0.35239693448809495,0.35239693448809495,0.35239693448809495,0.35239693448809495,0.35239693448809495,0.35239693448809495,0.35239693448809495,0.35239693448809495,0.35239693448809495,0.35239693448809495,0.2076284641037965,0.2076284641037965,0.2076284641037965,0.2076284641037965,0.35579781962338947,0.35398230088495575,0.3660855784469097,0.3333333333333333,0.3447761194029851,0.35185185185185186,0.36833855799373044,0.36973478939157567,0.3558558558558559,0.37820512820512825,0.35874439461883406,0.38650306748466257,0.3776978417266187,0.38827838827838823,0.3888888888888889,0.3710247349823321,0.3860294117647059,0.3666666666666667,0.3900709219858156,0.3978494623655914,0.3814432989690722,0.39361702127659576,0.40659340659340665,0.38461538461538464,0.3711340206185567,0.3829787234042553,0.34745762711864403,0.37500000000000006,0.3689320388349514,0.37777777777777777,0.3787878787878788
2020-01-01 09:00:00,0.07238423519214923,0.07238423519214923,0.07238423519214923,0.07238423519214923,0.07238423519214923,0.07238423519214923,0.35239693448809495,0.35239693448809495,0.35239693448809495,0.35239693448809495,0.35239693448809495,0.35239693448809495,0.35239693448809495,0.35239693448809495,0.35239693448809495,0.35239693448809495,0.6228853923113895,0.6228853923113895,0.6228853923113895,0.6228853923113895,0.5242814667988107,0.5211406096361848,0.537242472266244,0.49388379204892957,0.5104477611940299,0.5185185185185186,0.5188087774294672,0.5382215288611545,0.5120120120120121,0.5544871794871795,0.5201793721973094,0.5674846625766871,0.5575539568345323,0.5677655677655677,0.5740740740740741,0.5371024734982331,0.5551470588235294,0.5370370370370371,0.5673758865248227,0.5376344086021505,0.5154639175257733,0.5425531914893617,0.5604395604395604,0.5384615384615385,0.5154639175257733,0.5319148936170213,0.5084745762711864,0.5446428571428571,0.5339805825242718,0.5555555555555556,0.5303030303030303
2020-01-01 10:00:00,0.07238423519214923,0.07238423519214923,0.07238423519214923,0.07238423519214923,0.07238423519214923,0.07238423519214923,0.35620663107715544,0.35620663107715544,0.35620663107715544,0.35620663107715544,0.35620663107715544,0.35620663107715544,0.35620663107715544,0.35620663107715544,0.35620663107715544,0.35620663107715544,0.6705065996746457,0.6705065996746457,0.6705065996746457,0.6705065996746457,0.6392467789890981,0.6342182890855457,0.6354992076069731,0.6131498470948011,0.6000000000000001,0.6157407407407407,0.6081504702194357,0.6349453978159127,0.6321321321321323,0.6714743589743589,0.6143497757847534,0.6809815950920245,0.658273381294964,0.6703296703296704,0.6777777777777778,0.6360424028268551,0.6544117647058824,0.6333333333333334,0.6631205673758865,0.6451612903225806,0.6185567010309279,0.6382978723404255,0.6703296703296703,0.6373626373626373,0.6288659793814433,0.6276595744680851,0.5847457627118644,0.6428571428571429,0.6407766990291262,0.6666666666666666,0.6060606060606061
2020-01-01 11:00:00,0.07238423519214923,0.07238423519214923,0.07238423519214923,0.07238423519214923,0.07238423519214923,0.07238423519214923,0.35239693448809495,0.35239693448809495,0.35239693448809495,0.35239693448809495,0.35239693448809495,0.35239693448809495,0.35239693448809495,0.35239693448809495,0.35239693448809495,0.35239693448809495,0.6762211445582362,0.6762211445582362,0.6762211445582362,0.6762211445582362,0.66402378592666,0.6597836774827924,0.6576862123613312,0.6590214067278287,0.6388059701492537,0.6404320987654322,0.6426332288401254,0.6661466458658347,0.6351351351351352,0.6891025641025641,0.6576980568011958,0.7147239263803681,0.7014388489208633,0.7142857142857143,0.7222222222222222,0.6749116607773852,0.6911764705882354,0.6777777777777778,0.6985815602836879,0.6774193548387096,0.6494845360824743,0.6808510638297872,0.7032967032967034,0.6813186813186813,0.6494845360824743,0.6702127659574467,0.6271186440677966,0.6875000000000001,0.6699029126213593,0.7111111111111111,0.6287878787878789
2020-01-01 12:00:00,0.07238423519214923,0.07238423519214923,0.07238423519214923,0.07238423519214923,0.07238423519214923,0.07238423519214923,0.35620663107715544,0.35620663107715544,0.35620663107715544,0.35620663107715544,0.35620663107715544,0.35620663107715544,0.35620663107715544,0.35620663107715544,0.35620663107715544,0.35620663107715544,0.6686017513801154,0.6686017513801154,0.6686017513801154,0.6686017513801154,0.6481665014866205,0.6430678466076697,0.6656101426307448,0.6544342507645259,0.6223880597014926,0.6450617283950617,0.6379310344827587,0.6365054602184087,0.6246246246246246,0.6538461538461539,0.6367713004484304,0.691717791411043,0.6978417266187049,0.7106227106227105,0.7185185185185184,0.6713780918727915,0.7058823529411765,0.6555555555555556,0.7127659574468086,0.6666666666666666,0.6391752577319588,0.648936170212766,0.6923076923076923,0.6483516483516484,0.6391752577319588,0.6382978723404255,0.6101694915254237,0.6696428571428572,0.6504854368932038,0.6888888888888889,0.6060606060606061
2020-01-01 13:00:00,0.08000362837027021,0.08000362837027021,0.08000362837027021,0.08000362837027021,0.08000362837027021,0.08000362837027021,0.35620663107715544,0.35620663107715544,0.35620663107715544,0.35620663107715544,0.35620663107715544,0.35620663107715544,0.35620663107715544,0.35620663107715544,0.35620663107715544,0.35620663107715544,0.407637535029472,0.407637535029472,0.407637535029472,0.407637535029472,0.5867195242814668,0.5821042281219273,0.5879556259904913,0.5764525993883792,0.5477611940298508,0.5694444444444444,0.5815047021943575,0.5897035881435257,0.5645645645645646,0.6041666666666667,0.5680119581464872,0.6165644171779141,0.6115107913669064,0.6227106227106227,0.6296296296296297,0.5901060070671378,0.6397058823529411,0.5851851851851853,0.6453900709219859,0.5806451612903226,0.5567010309278352,0.5957446808510638,0.6043956043956045,0.5934065934065935,0.5670103092783506,0.5851063829787234,0.559322033898305,0.5982142857142858,0.5728155339805825,0.6000000000000001,0.5530303030303031
2020-01-01 14:00:00,0.08000362837027021,0.08000362837027021,0.08000362837027021,0.08000362837027021,0.08000362837027021,0.08000362837027021,0.35620663107715544,0.35620663107715544,0.35620663107715544,0.35620663107715544,0.35620663107715544,0.35620663107715544,0.35620663107715544,0.35620663107715544,0.35620663107715544,0.35620663107715544,0.32191936177561103,0.32191936177561103,0.32191936177561103,0.32191936177561103,0.4757185332011893,0.4709931170108161,0.4643423137876387,0.4434250764525994,0.43283582089552236,0.4490740740740741,0.45768025078369906,0.4602184087363495,0.4414414414414415,0.47275641025641024,0.43348281016442447,0.46319018404907975,0.460431654676259,0.46886446886446886,0.4740740740740741,0.4452296819787986,0.47794117647058826,0.4444444444444444,0.4787234042553192,0.4301075268817204,0.4123711340206186,0.45744680851063824,0.43956043956043955,0.4505494505494505,0.4123711340206186,0.44680851063829785,0.4406779661016949,0.47321428571428575,0.45631067961165045,0.48888888888888893,0.40151515151515155
2020-01-01 15:00:00,0.2514399748779921,0.2514399748779921,0.2514399748779921,0.2514399748779921,0.2514399748779921,0.2514399748779921,0.35620663107715544,0.35620663107715544,0.35620663107715544,0.35620663107715544,0.35620663107715544,0.35620663107715544,0.35620663107715544,0.35620663107715544,0.35620663107715544,0.35620663107715544,0.3695405691388671,0.3695405691388671,0.3695405691388671,0.3695405691388671,0.2299306243805748,0.22713864306784662,0.23454833597464342,0.2171253822629969,0.21641791044776118,0.22530864197530864,0.2304075235109718,0.21840873634945399,0.21171171171171171,0.22435897435897437,0.20328849028400595,0.24233128834355827,0.2266187050359712,0.23076923076923075,0.23333333333333334,0.20848056537102475,0.23161764705882354,0.2074074074074074,0.22340425531914893,0.2043010752688172,0.1958762886597938,0.20212765957446807,0.2087912087912088,0.21978021978021978,0.18556701030927836,0.20212765957446807,0.211864406779661,0.22321428571428573,0.22330097087378636,0.2222222222222222,0.15909090909090912
2020-01-01 16:00:00,0.24191573340534087,0.24191573340534087,0.24191573340534087,0.24191573340534087,0.24191573340534087,0.24191573340534087,0.3600163276662159,0.3600163276662159,0.3600163276662159,0.3600163276662159,0.3600163276662159,0.3600163276662159,0.3600163276662159,0.3600163276662159,0.3600163276662159,0.3600163276662159,0.2876320924740667,0.2876320924740667,0.2876320924740667,0.2876320924740667,0.0,0.0,0.0,0.0,0.0,0.0,0.0,0.0,0.0,0.0,0.0,0.0,0.0,0.0,0.0,0.0,0.0,0.0,0.0,0.0,0.0,0.0,0.0,0.0,0.0,0.0,0.0,0.0,0.0,0.0,0.0
2020-01-01 17:00:00,0.2514399748779921,0.2514399748779921,0.2514399748779921,0.2514399748779921,0.2514399748779921,0.2514399748779921,0.34096784472091346,0.34096784472091346,0.34096784472091346,0.34096784472091346,0.34096784472091346,0.34096784472091346,0.34096784472091346,0.34096784472091346,0.34096784472091346,0.34096784472091346,0.4495441975091374,0.4495441975091374,0.4495441975091374,0.4495441975091374,0.0,0.0,0.0,0.0,0.0,0.0,0.0,0.0,0.0,0.0,0.0,0.0,0.0,0.0,0.0,0.0,0.0,0.0,0.0,0.0,0.0,0.0,0.0,0.0,0.0,0.0,0.0,0.0,0.0,0.0,0.0
2020-01-01 18:00:00,0.17143634650772188,0.17143634650772188,0.17143634650772188,0.17143634650772188,0.17143634650772188,0.17143634650772188,0.17715089139131263,0.17715089139131263,0.17715089139131263,0.17715089139131263,0.17715089139131263,0.17715089139131263,0.17715089139131263,0.17715089139131263,0.17715089139131263,0.17715089139131263,0.6305047854895105,0.6305047854895105,0.6305047854895105,0.6305047854895105,0.0,0.0,0.0,0.0,0.0,0.0,0.0,0.0,0.0,0.0,0.0,0.0,0.0,0.0,0.0,0.0,0.0,0.0,0.0,0.0,0.0,0.0,0.0,0.0,0.0,0.0,0.0,0.0,0.0,0.0,0.0
2020-01-01 19:00:00,0.08000362837027021,0.08000362837027021,0.08000362837027021,0.08000362837027021,0.08000362837027021,0.08000362837027021,0.1809605879803731,0.1809605879803731,0.1809605879803731,0.1809605879803731,0.1809605879803731,0.1809605879803731,0.1809605879803731,0.1809605879803731,0.1809605879803731,0.1809605879803731,0.7314617450996133,0.7314617450996133,0.7314617450996133,0.7314617450996133,0.0,0.0,0.0,0.0,0.0,0.0,0.0,0.0,0.0,0.0,0.0,0.0,0.0,0.0,0.0,0.0,0.0,0.0,0.0,0.0,0.0,0.0,0.0,0.0,0.0,0.0,0.0,0.0,0.0,0.0,0.0
2020-01-01 20:00:00,0.07238423519214923,0.07238423519214923,0.07238423519214923,0.07238423519214923,0.07238423519214923,0.07238423519214923,0.17715089139131263,0.17715089139131263,0.17715089139131263,0.17715089139131263,0.17715089139131263,0.17715089139131263,0.17715089139131263,0.17715089139131263,0.17715089139131263,0.17715089139131263,0.7771781041683391,0.7771781041683391,0.7771781041683391,0.7771781041683391,0.0,0.0,0.0,0.0,0.0,0.0,0.0,0.0,0.0,0.0,0.0,0.0,0.0,0.0,0.0,0.0,0.0,0.0,0.0,0.0,0.0,0.0,0.0,0.0,0.0,0.0,0.0,0.0,0.0,0.0,0.0
2020-01-01 21:00:00,0.07238423519214923,0.07238423519214923,0.07238423519214923,0.07238423519214923,0.07238423519214923,0.07238423519214923,0.17715089139131263,0.17715089139131263,0.17715089139131263,0.17715089139131263,0.17715089139131263,0.17715089139131263,0.17715089139131263,0.17715089139131263,0.17715089139131263,0.17715089139131263,0.7124132621543109,0.7124132621543109,0.7124132621543109,0.7124132621543109,0.0,0.0,0.0,0.0,0.0,0.0,0.0,0.0,0.0,0.0,0.0,0.0,0.0,0.0,0.0,0.0,0.0,0.0,0.0,0.0,0.0,0.0,0.0,0.0,0.0,0.0,0.0,0.0,0.0,0.0,0.0
2020-01-01 22:00:00,0.07238423519214923,0.07238423519214923,0.07238423519214923,0.07238423519214923,0.07238423519214923,0.07238423519214923,0.1733411948022521,0.1733411948022521,0.1733411948022521,0.1733411948022521,0.1733411948022521,0.1733411948022521,0.1733411948022521,0.1733411948022521,0.1733411948022521,0.1733411948022521,0.7809878007573997,0.7809878007573997,0.7809878007573997,0.7809878007573997,0.0,0.0,0.0,0.0,0.0,0.0,0.0,0.0,0.0,0.0,0.0,0.0,0.0,0.0,0.0,0.0,0.0,0.0,0.0,0.0,0.0,0.0,0.0,0.0,0.0,0.0,0.0,0.0,0.0,0.0,0.0
2020-01-01 23:00:00,0.07238423519214923,0.07238423519214923,0.07238423519214923,0.07238423519214923,0.07238423519214923,0.07238423519214923,0.17715089139131263,0.17715089139131263,0.17715089139131263,0.17715089139131263,0.17715089139131263,0.17715089139131263,0.17715089139131263,0.17715089139131263,0.17715089139131263,0.17715089139131263,0.1904848294530243,0.1904848294530243,0.1904848294530243,0.1904848294530243,0.0,0.0,0.0,0.0,0.0,0.0,0.0,0.0,0.0,0.0,0.0,0.0,0.0,0.0,0.0,0.0,0.0,0.0,0.0,0.0,0.0,0.0,0.0,0.0,0.0,0.0,0.0,0.0,0.0,0.0,0.0
2020-01-02 00:00:00,0.0533357522468468,0.0533357522468468,0.0533357522468468,0.0533357522468468,0.0533357522468468,0.0533357522468468,0.17715089139131263,0.17715089139131263,0.17715089139131263,0.17715089139131263,0.17715089139131263,0.17715089139131263,0.17715089139131263,0.17715089139131263,0.17715089139131263,0.17715089139131263,0.17905573968584285,0.17905573968584285,0.17905573968584285,0.17905573968584285,0.0,0.0,0.0,0.0,0.0,0.0,0.0,0.0,0.0,0.0,0.0,0.0,0.0,0.0,0.0,0.0,0.0,0.0,0.0,0.0,0.0,0.0,0.0,0.0,0.0,0.0,0.0,0.0,0.0,0.0,0.0
2020-01-02 01:00:00,0.0533357522468468,0.0533357522468468,0.0533357522468468,0.0533357522468468,0.0533357522468468,0.0533357522468468,0.17715089139131263,0.17715089139131263,0.17715089139131263,0.17715089139131263,0.17715089139131263,0.17715089139131263,0.17715089139131263,0.17715089139131263,0.17715089139131263,0.17715089139131263,0.5771690332426637,0.5771690332426637,0.5771690332426637,0.5771690332426637,0.0,0.0,0.0,0.0,0.0,0.0,0.0,0.0,0.0,0.0,0.0,0.0,0.0,0.0,0.0,0.0,0.0,0.0,0.0,0.0,0.0,0.0,0.0,0.0,0.0,0.0,0.0,0.0,0.0,0.0,0.0
2020-01-02 02:00:00,0.0533357522468468,0.0533357522468468,0.0533357522468468,0.0533357522468468,0.0533357522468468,0.0533357522468468,0.17715089139131263,0.17715089139131263,0.17715089139131263,0.17715089139131263,0.17715089139131263,0.17715089139131263,0.17715089139131263,0.17715089139131263,0.17715089139131263,0.17715089139131263,0.47621207363256074,0.47621207363256074,0.47621207363256074,0.47621207363256074,0.0,0.0,0.0,0.0,0.0,0.0,0.0,0.0,0.0,0.0,0.0,0.0,0.0,0.0,0.0,0.0,0.0,0.0,0.0,0.0,0.0,0.0,0.0,0.0,0.0,0.0,0.0,0.0,0.0,0.0,0.0
2020-01-02 03:00:00,0.0533357522468468,0.0533357522468468,0.0533357522468468,0.0533357522468468,0.0533357522468468,0.0533357522468468,0.17715089139131263,0.17715089139131263,0.17715089139131263,0.17715089139131263,0.17715089139131263,0.17715089139131263,0.17715089139131263,0.17715089139131263,0.17715089139131263,0.17715089139131263,0.4400199560364862,0.4400199560364862,0.4400199560364862,0.4400199560364862,0.0,0.0,0.0,0.0,0.0,0.0,0.0,0.0,0.0,0.0,0.0,0.0,0.0,0.0,0.0,0.0,0.0,0.0,0.0,0.0,0.0,0.0,0.0,0.0,0.0,0.0,0.0,0.0,0.0,0.0,0.0
2020-01-02 04:00:00,0.0533357522468468,0.0533357522468468,0.0533357522468468,0.0533357522468468,0.0533357522468468,0.0533357522468468,0.17715089139131263,0.17715089139131263,0.17715089139131263,0.17715089139131263,0.17715089139131263,0.17715089139131263,0.17715089139131263,0.17715089139131263,0.17715089139131263,0.17715089139131263,0.43049571456383495,0.43049571456383495,0.43049571456383495,0.43049571456383495,0.0,0.0,0.0,0.0,0.0,0.0,0.0,0.0,0.0,0.0,0.0,0.0,0.0,0.0,0.0,0.0,0.0,0.0,0.0,0.0,0.0,0.0,0.0,0.0,0.0,0.0,0.0,0.0,0.0,0.0,0.0
2020-01-02 05:00:00,0.0533357522468468,0.0533357522468468,0.0533357522468468,0.0533357522468468,0.0533357522468468,0.0533357522468468,0.1809605879803731,0.1809605879803731,0.1809605879803731,0.1809605879803731,0.1809605879803731,0.1809605879803731,0.1809605879803731,0.1809605879803731,0.1809605879803731,0.1809605879803731,0.3333484515427925,0.3333484515427925,0.3333484515427925,0.3333484515427925,0.0,0.0,0.0,0.0,0.0,0.0,0.0,0.0,0.0,0.0,0.0,0.0,0.0,0.0,0.0,0.0,0.0,0.0,0.0,0.0,0.0,0.0,0.0,0.0,0.0,0.0,0.0,0.0,0.0,0.0,0.0
2020-01-02 06:00:00,0.06285999371949802,0.06285999371949802,0.06285999371949802,0.06285999371949802,0.06285999371949802,0.06285999371949802,0.34096784472091346,0.34096784472091346,0.34096784472091346,0.34096784472091346,0.34096784472091346,0.34096784472091346,0.34096784472091346,0.34096784472091346,0.34096784472091346,0.34096784472091346,0.21143816069285698,0.21143816069285698,0.21143816069285698,0.21143816069285698,0.0,0.0,0.0,0.0,0.0,0.0,0.0,0.0,0.0,0.0,0.0,0.0,0.0,0.0,0.0,0.0,0.0,0.0,0.0,0.0,0.0,0.0,0.0,0.0,0.0,0.0,0.0,0.0,0.0,0.0,0.0
2020-01-02 07:00:00,0.04571635906872583,0.04571635906872583,0.04571635906872583,0.04571635906872583,0.04571635906872583,0.04571635906872583,0.35239693448809495,0.35239693448809495,0.35239693448809495,0.35239693448809495,0.35239693448809495,0.35239693448809495,0.35239693448809495,0.35239693448809495,0.35239693448809495,0.35239693448809495,0.43240056285836515,0.43240056285836515,0.43240056285836515,0.43240056285836515,0.1278493557978196,0.1288102261553589,0.14580031695721077,0.12232415902140671,0.12537313432835823,0.1358024691358025,0.13949843260188088,0.1466458658346334,0.12912912912912913,0.15064102564102566,0.1420029895366218,0.15184049079754602,0.1510791366906475,0.15384615384615385,0.15555555555555556,0.15547703180212016,0.15808823529411764,0.14814814814814814,0.15602836879432624,0.17204301075268816,0.16494845360824745,0.1702127659574468,0.16483516483516483,0.16483516483516483,0.15463917525773196,0.15957446808510636,0.15254237288135591,0.16071428571428573,0.1553398058252427,0.17777777777777778,0.17424242424242423
2020-01-02 08:00:00,0.06285999371949802,0.06285999371949802,0.06285999371949802,0.06285999371949802,0.06285999371949802,0.06285999371949802,0.35620663107715544,0.35620663107715544,0.35620663107715544,0.35620663107715544,0.35620663107715544,0.35620663107715544,0.35620663107715544,0.35620663107715544,0.35620663107715544,0.35620663107715544,0.49716540487239347,0.49716540487239347,0.49716540487239347,0.49716540487239347,0.35678889990089196,0.35496558505408066,0.35974643423137875,0.33639143730886845,0.3358208955223881,0.345679012345679,0.35736677115987464,0.37285491419656785,0.3468468468468469,0.3830128205128205,0.35276532137518685,0.37883435582822084,0.3776978417266187,0.3846153846153846,0.3888888888888889,0.3710247349823321,0.37867647058823534,0.362962962962963,0.3829787234042554,0.3870967741935484,0.3711340206185567,0.39361702127659576,0.39560439560439564,0.38461538461538464,0.3711340206185567,0.3829787234042553,0.34745762711864403,0.37500000000000006,0.3689320388349514,0.37777777777777777,0.3787878787878788
2020-01-02 09:00:00,0.04571635906872583,0.04571635906872583,0.04571635906872583,0.04571635906872583,0.04571635906872583,0.04571635906872583,0.35620663107715544,0.35620663107715544,0.35620663107715544,0.35620663107715544,0.35620663107715544,0.35620663107715544,0.35620663107715544,0.35620663107715544,0.35620663107715544,0.35620663107715544,0.5028799497559842,0.5028799497559842,0.5028799497559842,0.5028799497559842,0.5292368681863231,0.5260570304818092,0.5293185419968304,0.5061162079510703,0.49402985074626865,0.5123456790123457,0.5344827586206897,0.5507020280811232,0.5210210210210211,0.5641025641025642,0.5127055306427503,0.5567484662576686,0.5611510791366906,0.575091575091575,0.5777777777777777,0.5406360424028269,0.5514705882352942,0.5296296296296297,0.5602836879432624,0.5483870967741935,0.5257731958762887,0.5638297872340425,0.5714285714285715,0.5604395604395604,0.5257731958762887,0.5425531914893617,0.5,0.5357142857142857,0.5145631067961165,0.5555555555555556,0.5303030303030303
2020-01-02 10:00:00,0.0533357522468468,0.0533357522468468,0.0533357522468468,0.0533357522468468,0.0533357522468468,0.0533357522468468,0.35620663107715544,0.35620663107715544,0.35620663107715544,0.35620663107715544,0.35620663107715544,0.35620663107715544,0.35620663107715544,0.35620663107715544,0.35620663107715544,0.35620663107715544,0.6095514542496778,0.6095514542496778,0.6095514542496778,0.6095514542496778,0.6184340931615461,0.6145526057030481,0.624405705229794,0.602446483180428,0.6074626865671642,0.6080246913580247,0.6379310344827587,0.6567862714508581,0.6246246246246246,0.6746794871794872,0.6053811659192825,0.6549079754601227,0.6690647482014389,0.6813186813186813,0.688888888888889,0.6431095406360423,0.6617647058823529,0.6222222222222222,0.6702127659574467,0.6451612903225806,0.6185567010309279,0.6702127659574467,0.6593406593406593,0.6593406593406593,0.6288659793814433,0.648936170212766,0.5932203389830508,0.6339285714285714,0.6116504854368932,0.6444444444444444,0.5984848484848485
2020-01-02 11:00:00,0.0533357522468468,0.0533357522468468,0.0533357522468468,0.0533357522468468,0.0533357522468468,0.0533357522468468,0.3600163276662159,0.3600163276662159,0.3600163276662159,0.3600163276662159,0.3600163276662159,0.3600163276662159,0.3600163276662159,0.3600163276662159,0.3600163276662159,0.3600163276662159,0.744795683161325,0.744795683161325,0.744795683161325,0.744795683161325,0.6719524281466798,0.6666666666666666,0.6576862123613312,0.6376146788990825,0.6447761194029851,0.6419753086419754,0.6786833855799372,0.6942277691107644,0.6651651651651652,0.7115384615384616,0.6412556053811659,0.6947852760736195,0.7014388489208633,0.7142857142857143,0.7185185185185184,0.6749116607773852,0.7132352941176471,0.6592592592592593,0.7234042553191489,0.6774193548387096,0.6494845360824743,0.6914893617021276,0.6923076923076923,0.6923076923076923,0.6597938144329898,0.6808510638297872,0.6271186440677966,0.6696428571428572,0.6310679611650485,0.6888888888888889,0.6287878787878789
2020-01-02 12:00:00,0.0533357522468468,0.0533357522468468,0.0533357522468468,0.0533357522468468,0.0533357522468468,0.0533357522468468,0.35239693448809495,0.35239693448809495,0.35239693448809495,0.35239693448809495,0.35239693448809495,0.35239693448809495,0.35239693448809495,0.35239693448809495,0.35239693448809495,0.35239693448809495,0.6400290269621617,0.6400290269621617,0.6400290269621617,0.6400290269621617,0.6442021803766105,0.63913470993117,0.6608557844690967,0.6223241590214067,0.6298507462686568,0.6419753086419754,0.6551724137931034,0.6755070202808112,0.6426426426426427,0.6939102564102564,0.6263079222720478,0.6779141104294478,0.6798561151079136,0.6923076923076923,0.7,0.6537102473498233,0.7022058823529412,0.6407407407407407,0.7092198581560284,0.6559139784946235,0.6185567010309279,0.6808510638297872,0.6703296703296703,0.6813186813186813,0.6288659793814433,0.6702127659574467,0.6186440677966101,0.6607142857142858,0.6504854368932038,0.6888888888888889,0.6287878787878789
2020-01-02 13:00:00,0.0533357522468468,0.0533357522468468,0.0533357522468468,0.0533357522468468,0.0533357522468468,0.0533357522468468,0.3600163276662159,0.3600163276662159,0.3600163276662159,0.3600163276662159,0.3600163276662159,0.3600163276662159,0.3600163276662159,0.3600163276662159,0.3600163276662159,0.3600163276662159,0.5828835781262544,0.5828835781262544,0.5828835781262544,0.5828835781262544,0.574826560951437,0.5693215339233038,0.5800316957210777,0.5581039755351681,0.5611940298507463,0.5617283950617284,0.5909090909090909,0.6068642745709829,0.5780780780780781,0.6233974358974359,0.5590433482810164,0.6058282208588956,0.60431654676259,0.6153846153846154,0.6222222222222222,0.5830388692579506,0.6213235294117647,0.5703703703703704,0.6276595744680851,0.5698924731182795,0.5463917525773196,0.5957446808510638,0.5934065934065935,0.5934065934065935,0.5567010309278352,0.5851063829787234,0.559322033898305,0.5982142857142858,0.5825242718446602,0.6222222222222222,0.5454545454545455
2020-01-02 14:00:00,0.0533357522468468,0.0533357522468468,0.0533357522468468,0.0533357522468468,0.0533357522468468,0.0533357522468468,0.18477028456943356,0.18477028456943356,0.18477028456943356,0.18477028456943356,0.18477028456943356,0.18477028456943356,0.18477028456943356,0.18477028456943356,0.18477028456943356,0.18477028456943356,0.5657399434754822,0.5657399434754822,0.5657399434754822,0.5657399434754822,0.44202180376610506,0.4375614552605703,0.4500792393026941,0.4342507645259938,0.42238805970149257,0.4382716049382716,0.4435736677115988,0.4695787831513261,0.42942942942942947,0.4807692307692308,0.4245142002989536,0.45705521472392635,0.460431654676259,0.46520146520146516,0.4703703703703703,0.4416961130742049,0.474264705882353,0.4333333333333333,0.4787234042553192,0.4301075268817204,0.4123711340206186,0.45744680851063824,0.4505494505494505,0.4505494505494505,0.4123711340206186,0.44680851063829785,0.43220338983050843,0.46428571428571436,0.44660194174757273,0.4666666666666667,0.393939393939394
2020-01-02 15:00:00,0.06285999371949802,0.06285999371949802,0.06285999371949802,0.06285999371949802,0.06285999371949802,0.06285999371949802,0.17715089139131263,0.17715089139131263,0.17715089139131263,0.17715089139131263,0.17715089139131263,0.17715089139131263,0.17715089139131263,0.17715089139131263,0.17715089139131263,0.17715089139131263,0.5657399434754822,0.5657399434754822,0.5657399434754822,0.5657399434754822,0.22299306243805747,0.22123893805309733,0.23454833597464342,0.21559633027522934,0.21343283582089553,0.22376543209876545,0.2272727272727273,0.2386895475819033,0.20870870870870872,0.2451923076923077,0.22571001494768309,0.24386503067484663,0.2266187050359712,0.23076923076923075,0.23333333333333334,0.20848056537102475,0.23161764705882354,0.2074074074074074,0.22340425531914893,0.2043010752688172,0.1958762886597938,0.2127659574468085,0.2087912087912088,0.21978021978021978,0.18556701030927836,0.2127659574468085,0.211864406779661,0.22321428571428573,0.21359223300970875,0.2222222222222222,0.15909090909090912
2020-01-02 16:00:00,0.06285999371949802,0.06285999371949802,0.06285999371949802,0.06285999371949802,0.06285999371949802,0.06285999371949802,0.1809605879803731,0.1809605879803731,0.1809605879803731,0.1809605879803731,0.1809605879803731,0.1809605879803731,0.1809605879803731,0.1809605879803731,0.1809605879803731,0.1809605879803731,0.5924078195989056,0.5924078195989056,0.5924078195989056,0.5924078195989056,0.0,0.0,0.0,0.0,0.0,0.0,0.0,0.0,0.0,0.0,0.0,0.0,0.0,0.0,0.0,0.0,0.0,0.0,0.0,0.0,0.0,0.0,0.0,0.0,0.0,0.0,0.0,0.0,0.0,0.0,0.0
2020-01-02 17:00:00,0.06285999371949802,0.06285999371949802,0.06285999371949802,0.06285999371949802,0.06285999371949802,0.06285999371949802,0.17715089139131263,0.17715089139131263,0.17715089139131263,0.17715089139131263,0.17715089139131263,0.17715089139131263,0.17715089139131263,0.17715089139131263,0.17715089139131263,0.17715089139131263,0.6171708474277987,0.6171708474277987,0.6171708474277987,0.6171708474277987,0.0,0.0,0.0,0.0,0.0,0.0,0.0,0.0,0.0,0.0,0.0,0.0,0.0,0.0,0.0,0.0,0.0,0.0,0.0,0.0,0.0,0.0,0.0,0.0,0.0,0.0,0.0,0.0,0.0,0.0,0.0
2020-01-02 18:00:00,0.07238423519214923,0.07238423519214923,0.07238423519214923,0.07238423519214923,0.07238423519214923,0.07238423519214923,0.17715089139131263,0.17715089139131263,0.17715089139131263,0.17715089139131263,0.17715089139131263,0.17715089139131263,0.17715089139131263,0.17715089139131263,0.17715089139131263,0.17715089139131263,0.6076466059551475,0.6076466059551475,0.6076466059551475,0.6076466059551475,0.0,0.0,0.0,0.0,0.0,0.0,0.0,0.0,0.0,0.0,0.0,0.0,0.0,0.0,0.0,0.0,0.0,0.0,0.0,0.0,0.0,0.0,0.0,0.0,0.0,0.0,0.0,0.0,0.0,0.0,0.0
2020-01-02 19:00:00,0.07238423519214923,0.07238423519214923,0.07238423519214923,0.07238423519214923,0.07238423519214923,0.07238423519214923,0.17715089139131263,0.17715089139131263,0.17715089139131263,0.17715089139131263,0.17715089139131263,0.17715089139131263,0.17715089139131263,0.17715089139131263,0.17715089139131263,0.17715089139131263,0.6609823582019944,0.6609823582019944,0.6609823582019944,0.6609823582019944,0.0,0.0,0.0,0.0,0.0,0.0,0.0,0.0,0.0,0.0,0.0,0.0,0.0,0.0,0.0,0.0,0.0,0.0,0.0,0.0,0.0,0.0,0.0,0.0,0.0,0.0,0.0,0.0,0.0,0.0,0.0
2020-01-02 20:00:00,0.08000362837027021,0.08000362837027021,0.08000362837027021,0.08000362837027021,0.08000362837027021,0.08000362837027021,0.17715089139131263,0.17715089139131263,0.17715089139131263,0.17715089139131263,0.17715089139131263,0.17715089139131263,0.17715089139131263,0.17715089139131263,0.17715089139131263,0.17715089139131263,0.6247902406059197,0.6247902406059197,0.6247902406059197,0.6247902406059197,0.0,0.0,0.0,0.0,0.0,0.0,0.0,0.0,0.0,0.0,0.0,0.0,0.0,0.0,0.0,0.0,0.0,0.0,0.0,0.0,0.0,0.0,0.0,0.0,0.0,0.0,0.0,0.0,0.0,0.0,0.0
2020-01-02 21:00:00,0.08952786984292142,0.08952786984292142,0.08952786984292142,0.08952786984292142,0.08952786984292142,0.08952786984292142,0.17715089139131263,0.17715089139131263,0.17715089139131263,0.17715089139131263,0.17715089139131263,0.17715089139131263,0.17715089139131263,0.17715089139131263,0.17715089139131263,0.17715089139131263,0.5543108537083008,0.5543108537083008,0.5543108537083008,0.5543108537083008,0.0,0.0,0.0,0.0,0.0,0.0,0.0,0.0,0.0,0.0,0.0,0.0,0.0,0.0,0.0,0.0,0.0,0.0,0.0,0.0,0.0,0.0,0.0,0.0,0.0,0.0,0.0,0.0,0.0,0.0,0.0
2020-01-02 22:00:00,0.08952786984292142,0.08952786984292142,0.08952786984292142,0.08952786984292142,0.08952786984292142,0.08952786984292142,0.17715089139131263,0.17715089139131263,0.17715089139131263,0.17715089139131263,0.17715089139131263,0.17715089139131263,0.17715089139131263,0.17715089139131263,0.17715089139131263,0.17715089139131263,0.7676538626956879,0.7676538626956879,0.7676538626956879,0.7676538626956879,0.0,0.0,0.0,0.0,0.0,0.0,0.0,0.0,0.0,0.0,0.0,0.0,0.0,0.0,0.0,0.0,0.0,0.0,0.0,0.0,0.0,0.0,0.0,0.0,0.0,0.0,0.0,0.0,0.0,0.0,0.0
2020-01-02 23:00:00,0.08952786984292142,0.08952786984292142,0.08952786984292142,0.08952786984292142,0.08952786984292142,0.08952786984292142,0.1733411948022521,0.1733411948022521,0.1733411948022521,0.1733411948022521,0.1733411948022521,0.1733411948022521,0.1733411948022521,0.1733411948022521,0.1733411948022521,0.1733411948022521,0.37906481061151837,0.37906481061151837,0.37906481061151837,0.37906481061151837,0.0,0.0,0.0,0.0,0.0,0.0,0.0,0.0,0.0,0.0,0.0,0.0,0.0,0.0,0.0,0.0,0.0,0.0,0.0,0.0,0.0,0.0,0.0,0.0,0.0,0.0,0.0,0.0,0.0,0.0,0.0
